Rank,Domain,Status,Agent_IPs_Found,Agent_Latency_ms,Local_Fingerprint,Match_Found,Is_False_Positive,Error
3,facebook.com,SAFE,1,81,e63ea09d...,true,FALSE,
6,cloudflare.com,SAFE,1,81,dad41622...,true,FALSE,
4,gtld-servers.net,ERROR,0,0,,FALSE,FALSE,Local: dial tcp: lookup gtld-servers.net: no such host Agent: DNS lookup failed: lookup gtld-servers.net: no such host
12,instagram.com,SAFE,1,122,f5c5d99b...,true,FALSE,
11,apple.com,SAFE,1,140,655ac503...,true,FALSE,
15,twitter.com,SAFE,1,76,d4be7376...,true,FALSE,
8,youtube.com,SAFE,2,457,30d1ce98...,true,FALSE,
17,akamai.net,ERROR,0,0,,FALSE,FALSE,Local: dial tcp: lookup akamai.net: no such host Agent: DNS lookup failed: lookup akamai.net: no such host
16,live.com,SAFE,1,51,c7acfa60...,true,FALSE,
18,linkedin.com,SAFE,1,62,230ba113...,true,FALSE,
14,office.com,SAFE,1,281,8950b3a0...,true,FALSE,
21,akamaiedge.net,ERROR,0,0,,FALSE,FALSE,Local: dial tcp: lookup akamaiedge.net: no such host Agent: DNS lookup failed: lookup akamaiedge.net: no such host
2,microsoft.com,SAFE,1,866,48c38fa4...,true,FALSE,
23,akadns.net,ERROR,0,0,,FALSE,FALSE,Local: dial tcp: lookup akadns.net: no such host Agent: DNS lookup failed: lookup akadns.net: no such host
22,fbcdn.net,SAFE,1,224,be1490c9...,true,FALSE,
25,microsoftonline.com,ERROR,0,0,,FALSE,FALSE,Local: dial tcp: lookup microsoftonline.com: no such host Agent: DNS lookup failed: lookup microsoftonline.com: no such host
20,googletagmanager.com,SAFE,1,156,aff147f8...,true,FALSE,
19,googlevideo.com,SAFE,1,546,4d57c1f9...,true,FALSE,
10,dzen.ru,SAFE,1,947,365ee1b2...,true,FALSE,
1,google.com,SAFE,2,924,c7a3e468...,true,FALSE,
7,googleapis.com,SAFE,2,957,6a613fca...,true,FALSE,
28,windowsupdate.com,ERROR,0,0,,FALSE,FALSE,Local: dial tcp: lookup windowsupdate.com: no such host Agent: DNS lookup failed: lookup windowsupdate.com: no such host
5,mail.ru,SAFE,1,874,00bcb531...,true,FALSE,
26,workers.dev,SAFE,1,125,686790b2...,true,FALSE,
13,gstatic.com,SAFE,1,1017,65847bfe...,true,FALSE,
33,bing.com,SAFE,1,73,ae243d66...,true,FALSE,
32,github.com,SAFE,1,150,b8bb8187...,true,FALSE,
30,googleusercontent.com,SAFE,1,162,46766e32...,true,FALSE,
35,domaincontrol.com,SAFE,1,3,01697338...,true,FALSE,
37,ax-msedge.net,ERROR,0,0,,FALSE,FALSE,Local: dial tcp: lookup ax-msedge.net: no such host Agent: DNS lookup failed: lookup ax-msedge.net: no such host
39,t-msedge.net,ERROR,0,0,,FALSE,FALSE,Local: dial tcp: lookup t-msedge.net: no such host Agent: DNS lookup failed: lookup t-msedge.net: no such host
41,office.net,ERROR,0,0,,FALSE,FALSE,Local: dial tcp: lookup office.net: no such host Agent: DNS lookup failed: lookup office.net: no such host
38,whatsapp.net,SAFE,1,82,d98d6376...,true,FALSE,
31,doubleclick.net,SAFE,2,441,88c58372...,true,FALSE,
44,apple-dns.net,ERROR,0,0,,FALSE,FALSE,Local: dial tcp: lookup apple-dns.net: no such host Agent: DNS lookup failed: lookup apple-dns.net: no such host
43,e2ro.com,ERROR,0,0,,FALSE,FALSE,Local: dial tcp: lookup e2ro.com: no such host Agent: DNS lookup failed: lookup e2ro.com: no such host
40,fastly.net,SAFE,1,196,1b173b10...,true,FALSE,
46,aaplimg.com,ERROR,0,0,,FALSE,FALSE,Local: dial tcp: lookup aaplimg.com: no such host Agent: DNS lookup failed: lookup aaplimg.com: no such host
47,pinterest.com,SAFE,1,152,2e69232e...,true,FALSE,
29,wikipedia.org,SAFE,1,768,d8bbc0ca...,true,FALSE,
45,youtu.be,SAFE,1,245,30d1ce98...,true,FALSE,
48,appsflyersdk.com,SAFE,1,141,2e521f14...,true,FALSE,
49,icloud.com,SAFE,1,89,ceeb2f5d...,true,FALSE,
34,digicert.com,SAFE,1,837,91d05574...,true,FALSE,
53,trafficmanager.net,ERROR,0,0,,FALSE,FALSE,Local: dial tcp: lookup trafficmanager.net: no such host Agent: DNS lookup failed: lookup trafficmanager.net: no such host
52,sharepoint.com,SAFE,1,132,e9c0ab3a...,true,FALSE,
55,whatsapp.com,SAFE,1,71,d98d6376...,true,FALSE,
57,akam.net,ERROR,0,0,,FALSE,FALSE,Local: dial tcp: lookup akam.net: no such host Agent: DNS lookup failed: lookup akam.net: no such host
50,googlesyndication.com,SAFE,2,473,8795fa41...,true,FALSE,
42,wordpress.org,SAFE,1,776,4a0bb19e...,true,FALSE,
24,amazon.com,SAFE,1,2232,8c062771...,true,FALSE,
60,msn.com,SAFE,1,87,555b0dd4...,true,FALSE,
36,netflix.com,SAFE,1,1804,e9f022bc...,true,FALSE,
62,tiktokcdn.com,ERROR,0,0,,FALSE,FALSE,Local: dial tcp: lookup tiktokcdn.com: no such host Agent: DNS lookup failed: lookup tiktokcdn.com: no such host
64,cloudfront.net,ERROR,0,0,,FALSE,FALSE,Local: dial tcp: lookup cloudfront.net: no such host Agent: DNS lookup failed: lookup cloudfront.net: no such host
59,goo.gl,SAFE,1,132,30d1ce98...,true,FALSE,
61,x.com,SAFE,1,94,8d72afd1...,true,FALSE,
63,roblox.com,SAFE,1,95,c9644e24...,true,FALSE,
54,windows.net,SAFE,1,813,133f2022...,true,FALSE,
67,tiktok.com,SAFE,1,306,0109b4e1...,true,FALSE,
68,vimeo.com,SAFE,1,183,f903c034...,true,FALSE,
65,spotify.com,SAFE,1,349,a95276a7...,true,FALSE,
72,gvt2.com,ERROR,0,0,,FALSE,FALSE,Local: dial tcp: lookup gvt2.com: no such host Agent: DNS lookup failed: lookup gvt2.com: no such host
70,adobe.com,SAFE,1,156,8597fdc1...,true,FALSE,
73,gvt1.com,ERROR,0,0,,FALSE,FALSE,Local: dial tcp: lookup gvt1.com: no such host Agent: DNS lookup failed: lookup gvt1.com: no such host
75,dual-s-msedge.net,ERROR,0,0,,FALSE,FALSE,Local: dial tcp: lookup dual-s-msedge.net: no such host Agent: DNS lookup failed: lookup dual-s-msedge.net: no such host
51,yahoo.com,SAFE,1,1731,7f5e036f...,true,FALSE,
74,tiktokv.com,SAFE,1,138,ac3c55c9...,true,FALSE,
77,ytimg.com,ERROR,0,0,,FALSE,FALSE,Local: dial tcp: lookup ytimg.com: no such host Agent: DNS lookup failed: lookup ytimg.com: no such host
79,bit.ly,SAFE,1,99,cc0ff8a4...,true,FALSE,
27,azure.com,SAFE,1,828,6d21d0b8...,true,FALSE,
81,ln-msedge.net,ERROR,0,0,,FALSE,FALSE,Local: dial tcp: lookup ln-msedge.net: no such host Agent: DNS lookup failed: lookup ln-msedge.net: no such host
82,cloudflare.net,SAFE,1,218,f3b7c9f8...,true,FALSE,
83,wa.me,SAFE,1,97,d98d6376...,true,FALSE,
80,zoom.us,SAFE,1,400,229f3c7d...,true,FALSE,
58,skype.com,SAFE,1,3002,a4c46a46...,true,FALSE,
85,google-analytics.com,SAFE,1,141,aff147f8...,true,FALSE,
9,amazonaws.com,ERROR,0,0,,FALSE,FALSE,Local: dial tcp 72.21.206.80:443: i/o timeout Agent: failed to retrieve certificate from any IP of amazonaws.com
78,qq.com,SAFE,1,1270,cee76e5c...,true,FALSE,
84,office365.com,SAFE,1,766,69f7f437...,true,FALSE,
86,yandex.net,SAFE,1,526,cbf2f482...,true,FALSE,
91,cloudflare-dns.com,SAFE,1,81,73b8ed5b...,true,FALSE,
76,nic.ru,SAFE,1,838,fc48dd0e...,true,FALSE,
90,googledomains.com,SAFE,2,238,ccc64795...,true,FALSE,
89,samsung.com,SAFE,1,306,89c33c09...,true,FALSE,
69,gandi.net,SAFE,1,3000,c4c88f92...,true,FALSE,
94,a2z.com,ERROR,0,0,,FALSE,FALSE,Local: dial tcp: lookup a2z.com: no such host Agent: DNS lookup failed: lookup a2z.com: no such host
95,edgekey.net,ERROR,0,0,,FALSE,FALSE,Local: dial tcp: lookup edgekey.net: no such host Agent: DNS lookup failed: lookup edgekey.net: no such host
93,wordpress.com,SAFE,1,182,b5f98de6...,true,FALSE,
96,cdninstagram.com,ERROR,0,0,,FALSE,FALSE,Local: dial tcp: lookup cdninstagram.com: no such host Agent: DNS lookup failed: lookup cdninstagram.com: no such host
87,opera.com,SAFE,1,888,22573c9e...,true,FALSE,
98,reddit.com,SAFE,1,116,2e0c3940...,true,FALSE,
102,root-servers.net,ERROR,0,0,,FALSE,FALSE,Local: dial tcp: lookup root-servers.net: no such host Agent: DNS lookup failed: lookup root-servers.net: no such host
99,nginx.com,SAFE,1,130,ff68a774...,true,FALSE,
101,ui.com,SAFE,1,112,2c40756e...,true,FALSE,
104,edgesuite.net,ERROR,0,0,,FALSE,FALSE,Local: dial tcp: lookup edgesuite.net: no such host Agent: DNS lookup failed: lookup edgesuite.net: no such host
100,mozilla.org,SAFE,1,165,41b2496e...,true,FALSE,
105,wac-msedge.net,ERROR,0,0,,FALSE,FALSE,Local: dial tcp: lookup wac-msedge.net: no such host Agent: DNS lookup failed: lookup wac-msedge.net: no such host
103,vedcdnlb.com,ERROR,0,0,,FALSE,FALSE,Local: dial tcp: lookup vedcdnlb.com: no such host Agent: DNS lookup failed: lookup vedcdnlb.com: no such host
107,googleadservices.com,SAFE,1,121,1ce3fd33...,true,FALSE,
106,unity3d.com,SAFE,1,147,dadc0db8...,true,FALSE,
97,windows.com,SAFE,1,621,f6ce5008...,true,FALSE,
88,baidu.com,SAFE,2,1452,0d822c9a...,true,FALSE,
108,sentry.io,SAFE,1,196,f3737a50...,true,FALSE,
109,blogspot.com,SAFE,1,146,46be2da7...,true,FALSE,
114,criteo.com,SAFE,1,130,b60b3ded...,true,FALSE,
115,snapchat.com,SAFE,1,87,2d233781...,true,FALSE,
56,ntp.org,SAFE,1,3001,35cef395...,true,FALSE,
92,nginx.org,SAFE,1,1029,9149b7bb...,true,FALSE,
118,apache.org,SAFE,1,225,520a3209...,true,FALSE,
111,vk.com,SAFE,1,571,ce72785d...,true,FALSE,
117,dns.google,SAFE,2,281,577bf179...,true,FALSE,
119,app-measurement.com,SAFE,1,193,aff147f8...,true,FALSE,
123,bytefcdn-oversea.com,ERROR,0,0,,FALSE,FALSE,Local: dial tcp: lookup bytefcdn-oversea.com: no such host Agent: DNS lookup failed: lookup bytefcdn-oversea.com: no such host
120,github.io,SAFE,1,93,7d1122ea...,true,FALSE,
121,dropbox.com,SAFE,1,120,3b9c9420...,true,FALSE,
110,t.me,SAFE,1,594,02292c40...,true,FALSE,
116,okcdn.ru,SAFE,1,528,2b3eb824...,true,FALSE,
128,intuit.com,SAFE,1,24,d40940b8...,true,FALSE,
112,europa.eu,SAFE,1,983,803ed6ec...,true,FALSE,
130,spov-msedge.net,ERROR,0,0,,FALSE,FALSE,Local: dial tcp: lookup spov-msedge.net: no such host Agent: DNS lookup failed: lookup spov-msedge.net: no such host
66,ripn.net,ERROR,0,0,,FALSE,FALSE,Local: dial tcp 194.226.65.229:443: i/o timeout Agent: failed to retrieve certificate from any IP of ripn.net
122,gravatar.com,SAFE,1,712,23bf7f44...,true,FALSE,
133,msftncsi.com,ERROR,0,0,,FALSE,FALSE,Local: dial tcp: lookup msftncsi.com: no such host Agent: DNS lookup failed: lookup msftncsi.com: no such host
134,aiv-cdn.net,ERROR,0,0,,FALSE,FALSE,Local: dial tcp: lookup aiv-cdn.net: no such host Agent: DNS lookup failed: lookup aiv-cdn.net: no such host
71,14emeliaterracewestroxburyma02132.su,ERROR,0,0,,FALSE,FALSE,Local: dial tcp [2001:470:1:332::ef]:443: i/o timeout Agent: failed to retrieve certificate from any IP of 14emeliaterracewestroxburyma02132.su
127,xiaomi.com,SAFE,1,808,0a325cda...,true,FALSE,
126,one.one,SAFE,1,775,39c251dd...,true,FALSE,
135,pki.goog,SAFE,2,181,3a1e2690...,true,FALSE,
125,outlook.com,SAFE,1,1110,3935bfcc...,true,FALSE,
140,dnsowl.com,ERROR,0,0,,FALSE,FALSE,Local: dial tcp: lookup dnsowl.com: no such host Agent: DNS lookup failed: lookup dnsowl.com: no such host
141,miit.gov.cn,ERROR,0,0,,FALSE,FALSE,Local: dial tcp: lookup miit.gov.cn: no such host Agent: DNS lookup failed: lookup miit.gov.cn: no such host
113,amazon-adsystem.com,SAFE,1,2040,f66ca5e4...,true,FALSE,
132,epicgames.com,SAFE,1,847,e45c36f8...,true,FALSE,
136,yandex.ru,SAFE,1,632,cbf2f482...,true,FALSE,
138,archive.org,SAFE,1,549,ec16a4ca...,true,FALSE,
143,discord.gg,SAFE,1,79,77fcb861...,true,FALSE,
144,tumblr.com,SAFE,1,81,940d5b51...,true,FALSE,
147,forms.gle,SAFE,1,130,e18cfae8...,true,FALSE,
149,amazon.dev,ERROR,0,0,,FALSE,FALSE,Local: dial tcp: lookup amazon.dev: no such host Agent: DNS lookup failed: lookup amazon.dev: no such host
145,app-analytics-services.com,SAFE,1,204,aff147f8...,true,FALSE,
150,spo-msedge.net,ERROR,0,0,,FALSE,FALSE,Local: dial tcp: lookup spo-msedge.net: no such host Agent: DNS lookup failed: lookup spo-msedge.net: no such host
139,nih.gov,SAFE,1,763,338c079e...,true,FALSE,
153,ggpht.com,ERROR,0,0,,FALSE,FALSE,Local: dial tcp: lookup ggpht.com: no such host Agent: DNS lookup failed: lookup ggpht.com: no such host
154,steamserver.net,ERROR,0,0,,FALSE,FALSE,Local: dial tcp: lookup steamserver.net: no such host Agent: DNS lookup failed: lookup steamserver.net: no such host
155,3gppnetwork.org,ERROR,0,0,,FALSE,FALSE,Local: dial tcp: lookup 3gppnetwork.org: no such host Agent: DNS lookup failed: lookup 3gppnetwork.org: no such host
151,applovin.com,SAFE,1,179,f38258fd...,true,FALSE,
142,userapi.com,SAFE,1,560,18722e04...,true,FALSE,
152,amazonvideo.com,SAFE,1,279,f1ba8645...,true,FALSE,
156,nytimes.com,SAFE,1,102,a84d566f...,true,FALSE,
157,paypal.com,SAFE,1,86,c93e5b7b...,true,FALSE,
131,cloud.microsoft,SAFE,1,3001,46030a22...,true,FALSE,
146,nist.gov,SAFE,1,1368,8b3034d5...,true,FALSE,
163,b-cdn.net,SAFE,1,125,516f8636...,true,FALSE,
164,tiktokcdn-us.com,ERROR,0,0,,FALSE,FALSE,Local: dial tcp: lookup tiktokcdn-us.com: no such host Agent: DNS lookup failed: lookup tiktokcdn-us.com: no such host
158,trbcdn.net,SAFE,1,647,ec120fdd...,true,FALSE,
162,kaspersky.com,SAFE,1,651,6b45402c...,true,FALSE,
148,health.mil,SAFE,1,867,a3ef1146...,true,FALSE,
165,shopify.com,SAFE,1,99,4c4bf7b5...,true,FALSE,
159,telekom.de,SAFE,1,765,3de1aef0...,true,FALSE,
170,cdn77.org,ERROR,0,0,,FALSE,FALSE,Local: dial tcp: lookup cdn77.org: no such host Agent: DNS lookup failed: lookup cdn77.org: no such host
169,flickr.com,SAFE,1,216,88b46b75...,true,FALSE,
167,f5.com,SAFE,1,319,27b3866c...,true,FALSE,
137,adnxs.com,SAFE,1,3001,1b360b6d...,true,FALSE,
171,chatgpt.com,SAFE,1,250,2e5d7992...,true,FALSE,
175,msftconnecttest.com,ERROR,0,0,,FALSE,FALSE,Local: dial tcp: lookup msftconnecttest.com: no such host Agent: DNS lookup failed: lookup msftconnecttest.com: no such host
174,discord.com,SAFE,1,109,7f798920...,true,FALSE,
161,reg.ru,SAFE,1,625,067b3465...,true,FALSE,
166,rubiconproject.com,SAFE,1,581,056eaa03...,true,FALSE,
179,adtrafficquality.google,SAFE,1,136,a95f4e26...,true,FALSE,
180,soundcloud.com,SAFE,1,47,6a21e934...,true,FALSE,
124,msedge.net,ERROR,0,0,,FALSE,FALSE,Local: dial tcp 204.79.197.197:443: i/o timeout Agent: failed to retrieve certificate from any IP of msedge.net
182,w3.org,SAFE,1,93,010883cb...,true,FALSE,
129,dns.cn,ERROR,0,0,,FALSE,FALSE,Local: dial tcp 218.241.99.89:443: i/o timeout Agent: failed to retrieve certificate from any IP of dns.cn
183,cnn.com,SAFE,1,549,aef9144c...,true,FALSE,
184,taboola.com,SAFE,1,217,98b9e2d6...,true,FALSE,
186,azurefd.net,ERROR,0,0,,FALSE,FALSE,Local: dial tcp: lookup azurefd.net: no such host Agent: DNS lookup failed: lookup azurefd.net: no such host
181,pubmatic.com,SAFE,1,564,cef830f1...,true,FALSE,
178,miui.com,SAFE,1,1363,eb365cce...,true,FALSE,
189,vecdnlb.com,ERROR,0,0,,FALSE,FALSE,Local: dial tcp: lookup vecdnlb.com: no such host Agent: DNS lookup failed: lookup vecdnlb.com: no such host
176,aliyuncs.com,SAFE,1,1859,0e718c1f...,true,FALSE,
187,theguardian.com,SAFE,1,153,ce76b85c...,true,FALSE,
191,pv-cdn.net,ERROR,0,0,,FALSE,FALSE,Local: dial tcp: lookup pv-cdn.net: no such host Agent: DNS lookup failed: lookup pv-cdn.net: no such host
193,nflxso.net,ERROR,0,0,,FALSE,FALSE,Local: dial tcp: lookup nflxso.net: no such host Agent: DNS lookup failed: lookup nflxso.net: no such host
194,cdn-apple.com,ERROR,0,0,,FALSE,FALSE,Local: dial tcp: lookup cdn-apple.com: no such host Agent: DNS lookup failed: lookup cdn-apple.com: no such host
188,lencr.org,SAFE,1,116,88ce1080...,true,FALSE,
192,vungle.com,SAFE,1,121,b4a01875...,true,FALSE,
190,android.com,SAFE,1,132,30d1ce98...,true,FALSE,
197,aws.dev,ERROR,0,0,,FALSE,FALSE,Local: dial tcp: lookup aws.dev: no such host Agent: DNS lookup failed: lookup aws.dev: no such host
198,azurewebsites.net,ERROR,0,0,,FALSE,FALSE,Local: dial tcp: lookup azurewebsites.net: no such host Agent: DNS lookup failed: lookup azurewebsites.net: no such host
196,mts.ru,SAFE,1,67,63dee3dc...,true,FALSE,
200,creativecommons.org,SAFE,1,309,9f1cf988...,true,FALSE,
160,registrar-servers.com,ERROR,0,0,,FALSE,FALSE,Local: dial tcp 198.54.117.206:443: connectex: No connection could be made because the target machine actively refused it. Agent: failed to retrieve certificate from any IP of registrar-servers.com
203,t.co,SAFE,1,67,765d6403...,true,FALSE,
199,forbes.com,SAFE,1,414,f6d33354...,true,FALSE,
195,adsrvr.org,SAFE,1,632,b47f3a27...,true,FALSE,
204,doubleverify.com,SAFE,1,176,a5071c5b...,true,FALSE,
205,sourceforge.net,SAFE,1,125,7bfa22f2...,true,FALSE,
208,wsdvs.com,ERROR,0,0,,FALSE,FALSE,Local: dial tcp: lookup wsdvs.com: no such host Agent: DNS lookup failed: lookup wsdvs.com: no such host
207,example.com,SAFE,1,626,455943cf...,true,FALSE,
177,telecid.ru,ERROR,0,0,,FALSE,FALSE," Agent: failed to retrieve certificate from any IP of telecid.ru"
185,adobe.io,SAFE,1,2061,893577de...,true,FALSE,
209,adriver.ru,SAFE,1,632,a56e6635...,true,FALSE,
212,twitch.tv,SAFE,1,187,092ac16e...,true,FALSE,
210,salesforce.com,SAFE,1,742,ce9c74c0...,true,FALSE,
168,macromedia.com,ERROR,0,0,,FALSE,FALSE,Local: dial tcp 192.150.16.118:443: i/o timeout Agent: failed to retrieve certificate from any IP of macromedia.com
214,sciencedirect.com,SAFE,1,136,a0325b8a...,true,FALSE,
172,medium.com,ERROR,0,0,,FALSE,FALSE,Local: context deadline exceeded Agent: failed to retrieve certificate from any IP of medium.com
206,ozon.ru,SAFE,1,1799,8e49e0ab...,true,FALSE,
173,godaddy.com,ERROR,0,0,,FALSE,FALSE,Local: context deadline exceeded Agent: failed to retrieve certificate from any IP of godaddy.com
202,edgecdn.ru,ERROR,0,0,,FALSE,FALSE,Local: remote error: tls: internal error Agent: failed to retrieve certificate from any IP of edgecdn.ru
220,azureedge.net,ERROR,0,0,,FALSE,FALSE,Local: dial tcp: lookup azureedge.net: no such host Agent: DNS lookup failed: lookup azureedge.net: no such host
222,demdex.net,ERROR,0,0,,FALSE,FALSE,Local: dial tcp: lookup demdex.net: no such host Agent: DNS lookup failed: lookup demdex.net: no such host
223,casalemedia.com,SAFE,1,87,21496934...,true,FALSE,
221,mit.edu,SAFE,1,227,8af34661...,true,FALSE,
225,researchgate.net,SAFE,1,149,10b61568...,true,FALSE,
217,oracle.com,SAFE,1,584,fc75e33c...,true,FALSE,
219,cpanel.net,SAFE,1,496,1d269ed5...,true,FALSE,
224,gmail.com,SAFE,1,163,2e29c178...,true,FALSE,
229,kwai-pro.com,ERROR,0,0,,FALSE,FALSE,Local: dial tcp: lookup kwai-pro.com: no such host Agent: DNS lookup failed: lookup kwai-pro.com: no such host
218,webex.com,SAFE,1,748,82639244...,true,FALSE,
228,weather.com,SAFE,1,184,394d042a...,true,FALSE,
227,ebay.com,SAFE,1,202,cfce1866...,true,FALSE,
233,ttdns2.com,ERROR,0,0,,FALSE,FALSE,Local: dial tcp: lookup ttdns2.com: no such host Agent: DNS lookup failed: lookup ttdns2.com: no such host
232,doi.org,SAFE,1,142,e4cfd8fd...,true,FALSE,
235,meraki.com,SAFE,1,31,834fdd18...,true,FALSE,
226,inmobi.com,SAFE,1,517,2f8b8b63...,true,FALSE,
236,roku.com,SAFE,1,69,6572485c...,true,FALSE,
237,jomodns.com,ERROR,0,0,,FALSE,FALSE,Local: dial tcp: lookup jomodns.com: no such host Agent: DNS lookup failed: lookup jomodns.com: no such host
239,akamaized.net,ERROR,0,0,,FALSE,FALSE,Local: dial tcp: lookup akamaized.net: no such host Agent: DNS lookup failed: lookup akamaized.net: no such host
238,openai.com,SAFE,1,83,91c7be40...,true,FALSE,
241,alibabadns.com,ERROR,0,0,,FALSE,FALSE,Local: dial tcp: lookup alibabadns.com: no such host Agent: DNS lookup failed: lookup alibabadns.com: no such host
240,youtube-nocookie.com,SAFE,1,121,874f1f4d...,true,FALSE,
243,static.microsoft,ERROR,0,0,,FALSE,FALSE,Local: dial tcp: lookup static.microsoft: no such host Agent: DNS lookup failed: lookup static.microsoft: no such host
234,scorecardresearch.com,SAFE,1,548,97589ec7...,true,FALSE,
242,yandex.com,SAFE,1,605,cbf2f482...,true,FALSE,
246,playstation.net,ERROR,0,0,,FALSE,FALSE,Local: dial tcp: lookup playstation.net: no such host Agent: DNS lookup failed: lookup playstation.net: no such host
247,wixsite.com,ERROR,0,0,,FALSE,FALSE,Local: dial tcp: lookup wixsite.com: no such host Agent: DNS lookup failed: lookup wixsite.com: no such host
216,myfritz.net,SAFE,1,2436,00b54f7e...,true,FALSE,
249,canva.com,SAFE,1,88,98cb38d5...,true,FALSE,
250,hubspot.com,SAFE,1,94,147d20f4...,true,FALSE,
230,ubuntu.com,SAFE,1,3003,f634a823...,true,FALSE,
245,cisco.com,SAFE,1,1032,ab00a76b...,true,FALSE,
251,wikimedia.org,SAFE,1,197,d8bbc0ca...,true,FALSE,
254,capcutapi.com,ERROR,0,0,,FALSE,FALSE,Local: dial tcp: lookup capcutapi.com: no such host Agent: DNS lookup failed: lookup capcutapi.com: no such host
253,who.int,SAFE,1,112,d21f7506...,true,FALSE,
256,a-msedge.net,ERROR,0,0,,FALSE,FALSE,Local: dial tcp: lookup a-msedge.net: no such host Agent: DNS lookup failed: lookup a-msedge.net: no such host
257,ksyuncdn.com,ERROR,0,0,,FALSE,FALSE,Local: dial tcp: lookup ksyuncdn.com: no such host Agent: DNS lookup failed: lookup ksyuncdn.com: no such host
255,linktr.ee,SAFE,1,270,6aae63be...,true,FALSE,
258,rocket-cdn.com,ERROR,0,0,,FALSE,FALSE,Local: dial tcp: lookup rocket-cdn.com: no such host Agent: DNS lookup failed: lookup rocket-cdn.com: no such host
231,imdb.com,SAFE,1,2278,8e7cdc15...,true,FALSE,
260,nr-data.net,ERROR,0,0,,FALSE,FALSE,Local: dial tcp: lookup nr-data.net: no such host Agent: DNS lookup failed: lookup nr-data.net: no such host
261,mozilla.com,SAFE,1,225,3cb824c6...,true,FALSE,
252,mailinabox.email,SAFE,1,562,fae0046c...,true,FALSE,
211,bbc.co.uk,ERROR,0,0,,FALSE,FALSE,Local: context deadline exceeded Agent: failed to retrieve certificate from any IP of bbc.co.uk
265,safebrowsing.apple,ERROR,0,0,,FALSE,FALSE,Local: dial tcp: lookup safebrowsing.apple: no such host Agent: DNS lookup failed: lookup safebrowsing.apple: no such host
263,tinyurl.com,SAFE,1,111,54a1a41c...,true,FALSE,
266,omtrdc.net,ERROR,0,0,,FALSE,FALSE,Local: dial tcp: lookup omtrdc.net: no such host Agent: DNS lookup failed: lookup omtrdc.net: no such host
213,shifen.com,ERROR,0,0,,FALSE,FALSE,Local: dial tcp 202.108.250.218:443: i/o timeout Agent: failed to retrieve certificate from any IP of shifen.com
268,facebook.net,ERROR,0,0,,FALSE,FALSE,Local: dial tcp: lookup facebook.net: no such host Agent: DNS lookup failed: lookup facebook.net: no such host
259,hp.com,SAFE,1,488,2fc35e1a...,true,FALSE,
215,bbc.com,ERROR,0,0,,FALSE,FALSE,Local: context deadline exceeded Agent: failed to retrieve certificate from any IP of bbc.com
270,ibm.com,SAFE,1,244,5d8b27b7...,true,FALSE,
272,media-amazon.com,ERROR,0,0,,FALSE,FALSE,Local: dial tcp: lookup media-amazon.com: no such host Agent: DNS lookup failed: lookup media-amazon.com: no such host
269,googleblog.com,SAFE,1,200,78072b5d...,true,FALSE,
275,cncdn.com,ERROR,0,0,,FALSE,FALSE,Local: dial tcp: lookup cncdn.com: no such host Agent: DNS lookup failed: lookup cncdn.com: no such host
273,grammarly.com,SAFE,1,42,b5af579f...,true,FALSE,
277,samsungqbe.com,ERROR,0,0,,FALSE,FALSE,Local: dial tcp: lookup samsungqbe.com: no such host Agent: DNS lookup failed: lookup samsungqbe.com: no such host
201,wildberries.ru,ERROR,0,0,,FALSE,FALSE,Local: dial tcp 185.62.202.2:443: i/o timeout Agent: failed to retrieve certificate from any IP of wildberries.ru
279,hichina.com,ERROR,0,0,,FALSE,FALSE,Local: dial tcp: lookup hichina.com: no such host Agent: DNS lookup failed: lookup hichina.com: no such host
274,mi.com,SAFE,1,190,283958b9...,true,FALSE,
280,samsungcloud.com,ERROR,0,0,,FALSE,FALSE,Local: dial tcp: lookup samsungcloud.com: no such host Agent: DNS lookup failed: lookup samsungcloud.com: no such host
276,stripe.com,SAFE,1,294,38865324...,true,FALSE,
283,ttvnw.net,ERROR,0,0,,FALSE,FALSE,Local: dial tcp: lookup ttvnw.net: no such host Agent: DNS lookup failed: lookup ttvnw.net: no such host
278,drom.ru,SAFE,1,79,ae973de3...,true,FALSE,
282,mtgglobals.com,ERROR,0,0,,FALSE,FALSE,Local: dial tcp: lookup mtgglobals.com: no such host Agent: DNS lookup failed: lookup mtgglobals.com: no such host
281,openx.net,SAFE,1,99,051d71c6...,true,FALSE,
286,nominetdns.uk,ERROR,0,0,,FALSE,FALSE,Local: dial tcp: lookup nominetdns.uk: no such host Agent: DNS lookup failed: lookup nominetdns.uk: no such host
288,fastly-edge.com,ERROR,0,0,,FALSE,FALSE,Local: dial tcp: lookup fastly-edge.com: no such host Agent: DNS lookup failed: lookup fastly-edge.com: no such host
287,harvard.edu,SAFE,1,66,6239c542...,true,FALSE,
289,crashlytics.com,SAFE,1,74,941c5b21...,true,FALSE,
290,www.gov.uk,SAFE,1,153,7b86b931...,true,FALSE,
291,ok.ru,SAFE,1,543,41f74f66...,true,FALSE,
292,alibaba.com,SAFE,1,540,2fb9fb33...,true,FALSE,
285,reuters.com,SAFE,1,765,f533e0e9...,true,FALSE,
295,steampowered.com,SAFE,1,88,884867dd...,true,FALSE,
294,ampproject.org,SAFE,1,151,78072b5d...,true,FALSE,
267,amazon.co.uk,SAFE,1,1977,8c062771...,true,FALSE,
297,nature.com,SAFE,1,70,2ebe8473...,true,FALSE,
293,mzstatic.com,SAFE,1,375,982c84f1...,true,FALSE,
244,mangosip.ru,ERROR,0,0,,FALSE,FALSE,Local: dial tcp 81.88.86.11:443: i/o timeout Agent: failed to retrieve certificate from any IP of mangosip.ru
248,comcast.net,ERROR,0,0,,FALSE,FALSE,Local: dial tcp 96.99.227.0:443: connectex: No connection could be made because the target machine actively refused it. Agent: failed to retrieve certificate from any IP of comcast.net
298,issuu.com,SAFE,1,222,ba60850c...,true,FALSE,
303,3lift.com,SAFE,1,34,3926f23a...,true,FALSE,
299,weebly.com,SAFE,1,123,83c3273b...,true,FALSE,
305,rbxcdn.com,ERROR,0,0,,FALSE,FALSE,Local: dial tcp: lookup rbxcdn.com: no such host Agent: DNS lookup failed: lookup rbxcdn.com: no such host
271,appsflyer.com,SAFE,1,3004,caf3fea7...,true,FALSE,
262,launchpad.net,SAFE,1,2812,899fcc90...,true,FALSE,
301,wiley.com,SAFE,1,422,7eab537b...,true,FALSE,
284,moe.video,SAFE,1,1202,4fa6c72b...,true,FALSE,
309,tradingview.com,SAFE,1,151,5149c7d4...,true,FALSE,
296,php.net,SAFE,1,787,0166b20b...,true,FALSE,
308,ea.com,SAFE,1,257,2696dc2a...,true,FALSE,
307,forter.com,SAFE,1,249,e3deeedf...,true,FALSE,
312,dns-parking.com,ERROR,0,0,,FALSE,FALSE,Local: dial tcp: lookup dns-parking.com: no such host Agent: DNS lookup failed: lookup dns-parking.com: no such host
310,launchdarkly.com,SAFE,1,112,d25c8029...,true,FALSE,
311,hostgator.com,SAFE,1,101,40686d72...,true,FALSE,
304,arubanetworks.com,SAFE,1,528,832e227c...,true,FALSE,
306,go.com,SAFE,1,634,21ee3578...,true,FALSE,
317,heytapmobile.com,ERROR,0,0,,FALSE,FALSE,Local: dial tcp: lookup heytapmobile.com: no such host Agent: DNS lookup failed: lookup heytapmobile.com: no such host
313,debian.org,SAFE,1,280,378f53d6...,true,FALSE,
321,douyincdn.com,ERROR,0,0,,FALSE,FALSE,Local: dial tcp: lookup douyincdn.com: no such host Agent: DNS lookup failed: lookup douyincdn.com: no such host
318,slack.com,SAFE,2,136,d0270817...,true,FALSE,
320,smartadserver.com,SAFE,1,99,deb22596...,true,FALSE,
319,avast.com,SAFE,1,164,0790065c...,true,FALSE,
316,weibo.com,SAFE,1,319,23d21771...,true,FALSE,
325,booking.com,SAFE,1,121,398f22f7...,true,FALSE,
315,adsafeprotected.com,SAFE,1,486,a1039688...,true,FALSE,
324,myshopify.com,SAFE,1,101,f1681488...,true,FALSE,
329,byteoversea.net,ERROR,0,0,,FALSE,FALSE,Local: dial tcp: lookup byteoversea.net: no such host Agent: DNS lookup failed: lookup byteoversea.net: no such host
326,cdc.gov,SAFE,1,130,ed000a12...,true,FALSE,
331,kaspersky-labs.com,SAFE,1,4,01697338...,true,FALSE,
328,pages.dev,SAFE,1,86,5df0eab6...,true,FALSE,
330,washingtonpost.com,SAFE,1,129,ea4b559e...,true,FALSE,
327,ivi.ru,SAFE,1,143,dc96b24a...,true,FALSE,
334,springer.com,SAFE,1,88,0f6f8df2...,true,FALSE,
332,etsy.com,SAFE,1,143,65b2181a...,true,FALSE,
335,dropcatch.com,SAFE,1,167,c22bc997...,true,FALSE,
264,cdngslb.com,ERROR,0,0,,FALSE,FALSE,Local: dial tcp 115.238.23.241:443: i/o timeout Agent: failed to retrieve certificate from any IP of cdngslb.com
338,tiktokv.us,ERROR,0,0,,FALSE,FALSE,Local: dial tcp: lookup tiktokv.us: no such host Agent: DNS lookup failed: lookup tiktokv.us: no such host
336,name-services.com,ERROR,0,0,,FALSE,FALSE,Local: dial tcp: lookup name-services.com: no such host Agent: DNS lookup failed: lookup name-services.com: no such host
337,cookielaw.org,SAFE,1,104,208ab793...,true,FALSE,
302,shalltry.com,SAFE,1,3006,6e5bcfbc...,true,FALSE,
340,dailymail.co.uk,SAFE,1,445,a124e138...,true,FALSE,
333,browser-intake-datadoghq.com,SAFE,1,718,3f541162...,true,FALSE,
339,netangels.ru,SAFE,1,204,3756eb2f...,true,FALSE,
300,media.net,SAFE,1,743,5f1f28af...,true,FALSE,
345,wsj.com,SAFE,1,97,1c3245a0...,true,FALSE,
322,dnsmadeeasy.com,SAFE,1,651,e6386210...,true,FALSE,
348,akamaihd.net,ERROR,0,0,,FALSE,FALSE,Local: dial tcp: lookup akamaihd.net: no such host Agent: DNS lookup failed: lookup akamaihd.net: no such host
341,dailymotion.com,SAFE,1,661,4dbf0b67...,true,FALSE,
323,autodesk.com,SAFE,1,1156,7045d003...,true,FALSE,
351,nstld.com,ERROR,0,0,,FALSE,FALSE,Local: dial tcp: lookup nstld.com: no such host Agent: DNS lookup failed: lookup nstld.com: no such host
346,gnu.org,SAFE,1,934,772ab952...,true,FALSE,
352,naver.com,SAFE,1,265,228c7dbd...,true,FALSE,
354,vedsalb.com,ERROR,0,0,,FALSE,FALSE,Local: dial tcp: lookup vedsalb.com: no such host Agent: DNS lookup failed: lookup vedsalb.com: no such host
355,bloomberg.com,SAFE,1,428,678663c2...,true,FALSE,
357,allawnos.com,ERROR,0,0,,FALSE,FALSE,Local: dial tcp: lookup allawnos.com: no such host Agent: DNS lookup failed: lookup allawnos.com: no such host
358,samsungcloudsolution.com,ERROR,0,0,,FALSE,FALSE,Local: dial tcp: lookup samsungcloudsolution.com: no such host Agent: DNS lookup failed: lookup samsungcloudsolution.com: no such host
359,mynetname.net,ERROR,0,0,,FALSE,FALSE,Local: dial tcp: lookup mynetname.net: no such host Agent: DNS lookup failed: lookup mynetname.net: no such host
353,telegraph.co.uk,SAFE,1,1533,e482d706...,true,FALSE,
356,aliyun.com,SAFE,1,1311,12e3f06a...,true,FALSE,
361,checkpoint.com,SAFE,1,582,4365cbda...,true,FALSE,
314,opendns.com,ERROR,0,0,,FALSE,FALSE,Local: context deadline exceeded Agent: failed to retrieve certificate from any IP of opendns.com
364,heytapdl.com,ERROR,0,0,,FALSE,FALSE,Local: dial tcp: lookup heytapdl.com: no such host Agent: DNS lookup failed: lookup heytapdl.com: no such host
365,ibyteimg.com,ERROR,0,0,,FALSE,FALSE,Local: dial tcp: lookup ibyteimg.com: no such host Agent: DNS lookup failed: lookup ibyteimg.com: no such host
343,clarity.ms,ERROR,0,0,,FALSE,FALSE," Agent: failed to retrieve certificate from any IP of clarity.ms"
366,expireddomains.com,SAFE,1,184,ea515db3...,true,FALSE,
344,huawei.com,ERROR,0,0,,FALSE,FALSE,Local: remote error: tls: handshake failure Agent: failed to retrieve certificate from any IP of huawei.com
367,xboxlive.com,SAFE,1,529,133f2022...,true,FALSE,
370,tp-link.com,SAFE,1,83,00876be7...,true,FALSE,
371,wyzecam.com,SAFE,1,102,590dfd3f...,true,FALSE,
342,jsdelivr.net,ERROR,0,0,,FALSE,FALSE,Local: dial tcp 1.2.3.4:443: i/o timeout Agent: failed to retrieve certificate from any IP of jsdelivr.net
360,ezvizlife.com,SAFE,1,1078,863ee6ba...,true,FALSE,
374,aiv-delivery.net,ERROR,0,0,,FALSE,FALSE,Local: dial tcp: lookup aiv-delivery.net: no such host Agent: DNS lookup failed: lookup aiv-delivery.net: no such host
375,kwaipros.com,ERROR,0,0,,FALSE,FALSE,Local: dial tcp: lookup kwaipros.com: no such host Agent: DNS lookup failed: lookup kwaipros.com: no such host
376,espn.com,SAFE,1,53,dd779a75...,true,FALSE,
347,dell.com,ERROR,0,0,,FALSE,FALSE,Local: context deadline exceeded Agent: failed to retrieve certificate from any IP of dell.com
349,un.org,ERROR,0,0,,FALSE,FALSE,Local: context deadline exceeded Agent: failed to retrieve certificate from any IP of un.org
377,google.de,SAFE,1,187,43e98bfe...,true,FALSE,
379,tiktokrow-cdn.com,ERROR,0,0,,FALSE,FALSE,Local: dial tcp: lookup tiktokrow-cdn.com: no such host Agent: DNS lookup failed: lookup tiktokrow-cdn.com: no such host
350,inner-active.mobi,ERROR,0,0,,FALSE,FALSE,Local: dial tcp 54.225.119.21:443: i/o timeout Agent: failed to retrieve certificate from any IP of inner-active.mobi
378,wp.com,SAFE,1,115,7a94be74...,true,FALSE,
380,unsplash.com,SAFE,1,144,1dd64292...,true,FALSE,
372,netflix.net,SAFE,1,993,d6cf851e...,true,FALSE,
385,google.com.br,SAFE,1,140,e181fda2...,true,FALSE,
363,bilibili.com,SAFE,1,2775,3738eeef...,true,FALSE,
362,mikrotik.com,SAFE,1,2106,f9e05d33...,true,FALSE,
387,2mdn.net,ERROR,0,0,,FALSE,FALSE,Local: dial tcp: lookup 2mdn.net: no such host Agent: DNS lookup failed: lookup 2mdn.net: no such host
388,indeed.com,SAFE,1,111,45810115...,true,FALSE,
389,businessinsider.com,SAFE,1,150,c02d7394...,true,FALSE,
390,temu.com,SAFE,1,83,e0c4f210...,true,FALSE,
391,nasa.gov,SAFE,1,202,78f97e78...,true,FALSE,
393,myhuaweicloud.com,ERROR,0,0,,FALSE,FALSE,Local: dial tcp: lookup myhuaweicloud.com: no such host Agent: DNS lookup failed: lookup myhuaweicloud.com: no such host
386,telegram.org,SAFE,1,627,4935ffbc...,true,FALSE,
395,independent.co.uk,SAFE,1,189,e4ee4c35...,true,FALSE,
383,nvidia.com,SAFE,1,740,3e6910da...,true,FALSE,
397,cdnbuild.net,ERROR,0,0,,FALSE,FALSE,Local: dial tcp: lookup cdnbuild.net: no such host Agent: DNS lookup failed: lookup cdnbuild.net: no such host
392,erome.com,SAFE,1,828,865e4967...,true,FALSE,
368,stanford.edu,SAFE,1,3005,6cda8b5a...,true,FALSE,
398,plesk.com,SAFE,1,156,a57e7360...,true,FALSE,
401,tiktokcdn-eu.com,ERROR,0,0,,FALSE,FALSE,Local: dial tcp: lookup tiktokcdn-eu.com: no such host Agent: DNS lookup failed: lookup tiktokcdn-eu.com: no such host
402,sc-gw.com,ERROR,0,0,,FALSE,FALSE,Local: dial tcp: lookup sc-gw.com: no such host Agent: DNS lookup failed: lookup sc-gw.com: no such host
394,amazonalexa.com,SAFE,1,806,760055e2...,true,FALSE,
373,cloudns.net,SAFE,1,3003,a59f9572...,true,FALSE,
400,duckduckgo.com,SAFE,1,159,c280828b...,true,FALSE,
406,sfx.ms,ERROR,0,0,,FALSE,FALSE,Local: dial tcp: lookup sfx.ms: no such host Agent: DNS lookup failed: lookup sfx.ms: no such host
407,avcdn.net,ERROR,0,0,,FALSE,FALSE,Local: dial tcp: lookup avcdn.net: no such host Agent: DNS lookup failed: lookup avcdn.net: no such host
404,calendly.com,SAFE,1,187,29dda008...,true,FALSE,
409,bamgrid.com,ERROR,0,0,,FALSE,FALSE,Local: dial tcp: lookup bamgrid.com: no such host Agent: DNS lookup failed: lookup bamgrid.com: no such host
408,pixabay.com,SAFE,1,163,03e702e2...,true,FALSE,
411,pangle.io,ERROR,0,0,,FALSE,FALSE,Local: dial tcp: lookup pangle.io: no such host Agent: DNS lookup failed: lookup pangle.io: no such host
369,ipv4only.arpa,ERROR,0,0,,FALSE,FALSE,Local: dial tcp 192.0.0.170:443: i/o timeout Agent: failed to retrieve certificate from any IP of ipv4only.arpa
413,tiktokv.eu,ERROR,0,0,,FALSE,FALSE,Local: dial tcp: lookup tiktokv.eu: no such host Agent: DNS lookup failed: lookup tiktokv.eu: no such host
399,alidns.com,SAFE,1,2264,2fb9fb33...,true,FALSE,
414,telegram.me,SAFE,1,589,f2bb824b...,true,FALSE,
416,aliexpress.com,SAFE,1,217,b4b34c1b...,true,FALSE,
381,vkuser.net,ERROR,0,0,,FALSE,FALSE,Local: dial tcp 95.213.37.126:443: i/o timeout Agent: failed to retrieve certificate from any IP of vkuser.net
382,alicdn.com,ERROR,0,0,,FALSE,FALSE,Local: dial tcp 140.205.77.240:443: i/o timeout Agent: failed to retrieve certificate from any IP of alicdn.com
384,wbx2.com,ERROR,0,0,,FALSE,FALSE,Local: dial tcp 13.59.223.204:443: i/o timeout Agent: failed to retrieve certificate from any IP of wbx2.com
410,amazon.de,SAFE,1,1946,8c062771...,true,FALSE,
419,teamviewer.com,SAFE,1,412,4cb65ab3...,true,FALSE,
415,taobao.com,SAFE,1,1058,37a2b70e...,true,FALSE,
405,163.com,ERROR,0,0,,FALSE,FALSE," Agent: failed to retrieve certificate from any IP of 163.com"
424,cookiedatabase.org,SAFE,1,130,b5006a1c...,true,FALSE,
425,statista.com,SAFE,1,49,92d760ba...,true,FALSE,
426,rzone.de,ERROR,0,0,,FALSE,FALSE,Local: dial tcp: lookup rzone.de: no such host Agent: DNS lookup failed: lookup rzone.de: no such host
418,quora.com,SAFE,1,1421,2662229a...,true,FALSE,
396,cornell.edu,ERROR,0,0,,FALSE,FALSE,Local: context deadline exceeded
422,cnbc.com,SAFE,1,1094,a3d590f6...,true,FALSE,
403,ip-api.com,ERROR,0,0,,FALSE,FALSE," Agent: failed to retrieve certificate from any IP of ip-api.com"
417,notamedia.ru,SAFE,1,749,ee205d82...,true,FALSE,
412,globo.com,ERROR,0,0,,FALSE,FALSE,Local: context deadline exceeded Agent: failed to retrieve certificate from any IP of globo.com
433,scdn.co,ERROR,0,0,,FALSE,FALSE,Local: dial tcp: lookup scdn.co: no such host Agent: DNS lookup failed: lookup scdn.co: no such host
430,duolingo.com,SAFE,1,1028,a05caad9...,true,FALSE,
435,cloudflareinsights.com,SAFE,1,123,ea8537f0...,true,FALSE,
432,adobe.net,SAFE,1,698,0918984b...,true,FALSE,
436,npr.org,SAFE,1,95,1d9c5a2b...,true,FALSE,
438,qlivecdn.com,ERROR,0,0,,FALSE,FALSE,Local: dial tcp: lookup qlivecdn.com: no such host Agent: DNS lookup failed: lookup qlivecdn.com: no such host
437,vivoglobal.com,SAFE,1,165,2358180d...,true,FALSE,
428,uol.com.br,SAFE,1,1628,fb73c78a...,true,FALSE,
440,gitlab.com,SAFE,1,115,a75dcf6b...,true,FALSE,
441,aol.com,SAFE,1,428,ea72ba6a...,true,FALSE,
427,ngenix.net,SAFE,1,3001,c0519579...,true,FALSE,
444,addtoany.com,SAFE,1,130,211fd2ae...,true,FALSE,
445,eventbrite.com,SAFE,1,25,c2332078...,true,FALSE,
446,line.me,SAFE,1,150,59a30265...,true,FALSE,
420,steamcommunity.com,ERROR,0,0,,FALSE,FALSE,Local: context deadline exceeded Agent: failed to retrieve certificate from any IP of steamcommunity.com
442,trustpilot.com,SAFE,1,1108,59f559d9...,true,FALSE,
421,avsxappcaptiveportal.com,ERROR,0,0,,FALSE,FALSE,Local: dial tcp [2600:1f18:5cc9:9900:7534:8e43:8608:70eb]:443: i/o timeout Agent: failed to retrieve certificate from any IP of avsxappcaptiveportal.com
443,att.net,SAFE,1,938,16ebbac0...,true,FALSE,
450,uber.com,SAFE,1,86,7e7ae1f1...,true,FALSE,
423,list-manage.com,ERROR,0,0,,FALSE,FALSE,Local: dial tcp 205.201.132.96:443: i/o timeout Agent: failed to retrieve certificate from any IP of list-manage.com
434,goodreads.com,SAFE,1,2083,c1a577a1...,true,FALSE,
448,g.page,SAFE,2,276,5f6c4300...,true,FALSE,
452,beian.gov.cn,ERROR,0,0,,FALSE,FALSE,Local: dial tcp: lookup beian.gov.cn: no such host Agent: DNS lookup failed: lookup beian.gov.cn: no such host
451,sharethrough.com,SAFE,1,124,db0e741e...,true,FALSE,
447,id5-sync.com,SAFE,1,975,ded17cf4...,true,FALSE,
456,walmart.com,SAFE,1,88,82aab600...,true,FALSE,
454,indiatimes.com,SAFE,1,157,6bc18439...,true,FALSE,
459,online-metrix.net,ERROR,0,0,,FALSE,FALSE,Local: dial tcp: lookup online-metrix.net: no such host Agent: DNS lookup failed: lookup online-metrix.net: no such host
449,mediatek.com,SAFE,1,218,f47b5c21...,true,FALSE,
461,speedtest.net,SAFE,1,137,f3a842ab...,true,FALSE,
462,behance.net,SAFE,1,84,ae68edb7...,true,FALSE,
453,yahoo.co.jp,SAFE,1,381,e6949ff0...,true,FALSE,
455,afternic.com,SAFE,1,445,e3c2dcec...,true,FALSE,
464,foxnews.com,SAFE,1,132,9c6fdf74...,true,FALSE,
465,giphy.com,SAFE,1,233,20dc4414...,true,FALSE,
467,b-msedge.net,ERROR,0,0,,FALSE,FALSE,Local: dial tcp: lookup b-msedge.net: no such host Agent: DNS lookup failed: lookup b-msedge.net: no such host
469,cdn20.com,ERROR,0,0,,FALSE,FALSE,Local: dial tcp: lookup cdn20.com: no such host Agent: DNS lookup failed: lookup cdn20.com: no such host
468,bidswitch.net,SAFE,1,68,1d0a4f7a...,true,FALSE,
470,discord.media,SAFE,1,79,5a3ce4b5...,true,FALSE,
429,sberbank.ru,ERROR,0,0,,FALSE,FALSE,Local: dial tcp 84.252.149.206:443: i/o timeout Agent: failed to retrieve certificate from any IP of sberbank.ru
431,firetvcaptiveportal.com,ERROR,0,0,,FALSE,FALSE,Local: dial tcp [2600:1f18:6330:5f02:7d18:dc87:7b57:622d]:443: i/o timeout Agent: failed to retrieve certificate from any IP of firetvcaptiveportal.com
471,wired.com,SAFE,1,104,71ea327e...,true,FALSE,
472,xcal.tv,ERROR,0,0,,FALSE,FALSE,Local: dial tcp: lookup xcal.tv: no such host Agent: DNS lookup failed: lookup xcal.tv: no such host
473,zendesk.com,SAFE,1,121,814057ec...,true,FALSE,
477,amzn.to,SAFE,1,81,c4a1d3fc...,true,FALSE,
463,mcafee.com,SAFE,1,632,3c01b97e...,true,FALSE,
466,nflxvideo.net,ERROR,0,0,,FALSE,FALSE,Local: remote error: tls: internal error Agent: failed to retrieve certificate from any IP of nflxvideo.net
478,fidelity.com,SAFE,1,523,2b92a260...,true,FALSE,
475,verisign.com,SAFE,1,1653,2b0f0cfd...,true,FALSE,
480,icloud-content.com,SAFE,1,408,22d5dbc0...,true,FALSE,
482,slideshare.net,SAFE,1,88,63b7eaf2...,true,FALSE,
439,nease.net,ERROR,0,0,,FALSE,FALSE,Local: dial tcp 59.111.129.134:443: i/o timeout Agent: failed to retrieve certificate from any IP of nease.net
485,google.co.uk,SAFE,1,151,7f4e6555...,true,FALSE,
474,sohu.com,SAFE,1,1557,7bf70f93...,true,FALSE,
481,consultant.ru,SAFE,1,537,fc3aba8c...,true,FALSE,
476,vivo.com.cn,SAFE,1,957,f3d2b5dc...,true,FALSE,
488,deepintent.com,SAFE,1,117,d19149ba...,true,FALSE,
483,amplitude.com,SAFE,1,632,0cf8261d...,true,FALSE,
489,ietf.org,SAFE,1,98,53d8f499...,true,FALSE,
484,mysql.com,SAFE,1,612,fc75e33c...,true,FALSE,
492,stackoverflow.com,SAFE,1,63,47947d1f...,true,FALSE,
491,scribd.com,SAFE,1,91,f1a59a6d...,true,FALSE,
493,google.com.hk,SAFE,1,141,33f65a4e...,true,FALSE,
496,msidentity.com,ERROR,0,0,,FALSE,FALSE,Local: dial tcp: lookup msidentity.com: no such host Agent: DNS lookup failed: lookup msidentity.com: no such host
494,time.com,SAFE,1,260,e200fbdb...,true,FALSE,
498,s-msedge.net,ERROR,0,0,,FALSE,FALSE,Local: dial tcp: lookup s-msedge.net: no such host Agent: DNS lookup failed: lookup s-msedge.net: no such host
499,usatoday.com,SAFE,1,81,22f502b9...,true,FALSE,
487,cdnvideo.ru,SAFE,1,652,ec120fdd...,true,FALSE,
501,atlassian.com,SAFE,1,81,a89d4448...,true,FALSE,
502,firefox.com,SAFE,1,96,9ccbc251...,true,FALSE,
495,gosuslugi.ru,SAFE,1,720,0e0592f5...,true,FALSE,
503,sina.com.cn,SAFE,1,140,c4c29954...,true,FALSE,
457,2gis.com,ERROR,0,0,,FALSE,FALSE,Local: dial tcp 91.236.51.50:443: i/o timeout Agent: failed to retrieve certificate from any IP of 2gis.com
504,ft.com,SAFE,1,107,3014b0a4...,true,FALSE,
497,imgsmail.ru,SAFE,1,784,dcda4d78...,true,FALSE,
508,live-video.net,ERROR,0,0,,FALSE,FALSE,Local: dial tcp: lookup live-video.net: no such host Agent: DNS lookup failed: lookup live-video.net: no such host
458,kwai.net,ERROR,0,0,,FALSE,FALSE,Local: dial tcp 180.186.38.200:443: i/o timeout Agent: failed to retrieve certificate from any IP of kwai.net
460,nflximg.com,ERROR,0,0,,FALSE,FALSE,Local: dial tcp 207.45.72.215:443: i/o timeout Agent: failed to retrieve certificate from any IP of nflximg.com
509,myqcloud.com,ERROR,0,0,,FALSE,FALSE,"Local: dial tcp: lookup myqcloud.com: getaddrinfow: The requested name is valid, but no data of the requested type was found. Agent: DNS lookup failed: lookup myqcloud.com: getaddrinfow: The requested name is valid, but no data of the requested type was found."
506,blogger.com,SAFE,1,152,799c6de6...,true,FALSE,
512,indexww.com,SAFE,1,93,bb91c3bc...,true,FALSE,
511,bluehost.com,SAFE,1,105,33078c19...,true,FALSE,
510,byteconnect.io,SAFE,1,116,494b185e...,true,FALSE,
515,my.com,ERROR,0,0,,FALSE,FALSE,Local: dial tcp: lookup my.com: no such host Agent: DNS lookup failed: lookup my.com: no such host
513,visualstudio.com,SAFE,1,228,a0fd04fb...,true,FALSE,
514,crpt.ru,SAFE,1,68,be62c058...,true,FALSE,
518,goskope.com,ERROR,0,0,,FALSE,FALSE,Local: dial tcp: lookup goskope.com: no such host Agent: DNS lookup failed: lookup goskope.com: no such host
519,svc.ms,ERROR,0,0,,FALSE,FALSE,Local: dial tcp: lookup svc.ms: no such host Agent: DNS lookup failed: lookup svc.ms: no such host
521,docker.com,SAFE,1,146,96a116bd...,true,FALSE,
507,t-online.de,SAFE,1,750,f7fa2879...,true,FALSE,
522,ys7.com,SAFE,1,297,fcbd0c32...,true,FALSE,
524,deviantart.com,SAFE,1,31,46b20e3f...,true,FALSE,
520,netease.com,SAFE,1,411,393c27bf...,true,FALSE,
526,jquery.com,SAFE,1,113,3a54888b...,true,FALSE,
517,360yield.com,SAFE,1,909,a519c486...,true,FALSE,
505,shein.com,SAFE,1,1735,b1916ffe...,true,FALSE,
479,cox.net,ERROR,0,0,,FALSE,FALSE,Local: dial tcp 98.182.1.143:443: i/o timeout Agent: failed to retrieve certificate from any IP of cox.net
529,paloaltonetworks.com,SAFE,1,76,64d9df14...,true,FALSE,
528,bsky.app,SAFE,1,836,d023dce4...,true,FALSE,
530,rutube.ru,SAFE,1,452,19cf3b94...,true,FALSE,
532,easebar.com,ERROR,0,0,,FALSE,FALSE,Local: dial tcp: lookup easebar.com: no such host Agent: DNS lookup failed: lookup easebar.com: no such host
534,rakuten.co.jp,SAFE,1,256,2efbdaf1...,true,FALSE,
486,imcmdb.net,ERROR,0,0,,FALSE,FALSE,Local: dial tcp 85.10.250.72:443: i/o timeout Agent: failed to retrieve certificate from any IP of imcmdb.net
527,xiaomi.net,SAFE,1,1001,2f00db59...,true,FALSE,
536,patreon.com,SAFE,1,88,c86704b2...,true,FALSE,
538,supercell.com,SAFE,1,28,394e7aa2...,true,FALSE,
490,dnspod.net,ERROR,0,0,,FALSE,FALSE,Local: dial tcp 113.96.208.81:443: i/o timeout Agent: failed to retrieve certificate from any IP of dnspod.net
540,tencent-cloud.net,ERROR,0,0,,FALSE,FALSE,"Local: dial tcp: lookup tencent-cloud.net: getaddrinfow: The requested name is valid, but no data of the requested type was found. Agent: DNS lookup failed: lookup tencent-cloud.net: getaddrinfow: The requested name is valid, but no data of the requested type was found."
541,rlcdn.com,ERROR,0,0,,FALSE,FALSE,Local: dial tcp: lookup rlcdn.com: no such host Agent: DNS lookup failed: lookup rlcdn.com: no such host
539,name.com,SAFE,1,94,83480122...,true,FALSE,
542,nypost.com,SAFE,1,68,9d03bf2a...,true,FALSE,
500,wb.ru,SAFE,1,3000,351f1d99...,true,FALSE,
537,gcdn.co,ERROR,0,0,,FALSE,FALSE,Local: remote error: tls: internal error Agent: failed to retrieve certificate from any IP of gcdn.co
543,wix.com,SAFE,1,486,024ca34a...,true,FALSE,
516,stbid.ru,SAFE,1,3000,abc74edf...,true,FALSE,
548,tripadvisor.com,SAFE,1,29,5b66f396...,true,FALSE,
547,fast.com,SAFE,1,193,e07340b2...,true,FALSE,
546,intel.com,SAFE,1,390,f680789d...,true,FALSE,
531,elasticbeanstalk.com,ERROR,0,0,,FALSE,FALSE,Local: read tcp 192.168.1.9:28439->16.15.183.80:443: wsarecv: An existing connection was forcibly closed by the remote host. Agent: failed to retrieve certificate from any IP of elasticbeanstalk.com
544,playstation.com,SAFE,1,821,b2922300...,true,FALSE,
551,fandom.com,SAFE,1,85,6144a9d5...,true,FALSE,
552,adobedtm.com,ERROR,0,0,,FALSE,FALSE,Local: dial tcp: lookup adobedtm.com: no such host Agent: DNS lookup failed: lookup adobedtm.com: no such host
555,byteglb.com,ERROR,0,0,,FALSE,FALSE,Local: dial tcp: lookup byteglb.com: no such host Agent: DNS lookup failed: lookup byteglb.com: no such host
549,tandfonline.com,SAFE,1,269,55ec5b2e...,true,FALSE,
557,tm-azurefd.net,ERROR,0,0,,FALSE,FALSE,Local: dial tcp: lookup tm-azurefd.net: no such host Agent: DNS lookup failed: lookup tm-azurefd.net: no such host
556,run.app,SAFE,2,410,882a6b05...,true,FALSE,
554,imgur.com,SAFE,1,536,b29b2354...,true,FALSE,
559,berkeley.edu,SAFE,1,88,306d859a...,true,FALSE,
550,free.fr,SAFE,1,676,17e97a0f...,true,FALSE,
553,oup.com,SAFE,1,649,6f02a626...,true,FALSE,
535,timeweb.ru,SAFE,1,3001,a9237653...,true,FALSE,
561,pendo.io,SAFE,1,75,6715df35...,true,FALSE,
563,target.com,SAFE,1,95,7b8a9653...,true,FALSE,
558,eset.com,SAFE,1,703,6157f936...,true,FALSE,
566,gandi-ns.fr,ERROR,0,0,,FALSE,FALSE,Local: dial tcp: lookup gandi-ns.fr: no such host Agent: DNS lookup failed: lookup gandi-ns.fr: no such host
565,hotjar.com,SAFE,1,123,7915b907...,true,FALSE,
523,tbcache.com,ERROR,0,0,,FALSE,FALSE,Local: dial tcp 140.205.77.240:443: i/o timeout Agent: failed to retrieve certificate from any IP of tbcache.com
562,cnet.com,SAFE,1,347,b74dcf27...,true,FALSE,
570,yahoodns.net,ERROR,0,0,,FALSE,FALSE,Local: dial tcp: lookup yahoodns.net: no such host Agent: DNS lookup failed: lookup yahoodns.net: no such host
568,braze.com,SAFE,1,83,2ee03b4c...,true,FALSE,
569,cmediahub.ru,ERROR,0,0,,FALSE,FALSE,Local: dial tcp: lookup cmediahub.ru: no such host Agent: DNS lookup failed: lookup cmediahub.ru: no such host
564,dynatrace.com,SAFE,1,474,868162c7...,true,FALSE,
525,xhamster.com,ERROR,0,0,,FALSE,FALSE,Local: context deadline exceeded Agent: failed to retrieve certificate from any IP of xhamster.com
573,branch.io,SAFE,1,109,b05c75b9...,true,FALSE,
576,loc.gov,SAFE,1,112,3dfcb478...,true,FALSE,
560,mega.co.nz,SAFE,1,805,3fe7ca07...,true,FALSE,
574,tplinkcloud.com,SAFE,1,212,85a3f947...,true,FALSE,
577,ca.gov,SAFE,1,137,539c7bb0...,true,FALSE,
578,sophos.com,SAFE,1,67,e01d98b6...,true,FALSE,
581,bdydns.com,ERROR,0,0,,FALSE,FALSE,Local: dial tcp: lookup bdydns.com: no such host Agent: DNS lookup failed: lookup bdydns.com: no such host
580,awswaf.com,ERROR,0,0,,FALSE,FALSE,Local: dial tcp: lookup awswaf.com: no such host Agent: DNS lookup failed: lookup awswaf.com: no such host
582,ikea.com,SAFE,1,91,2b98981a...,true,FALSE,
584,squarespace.com,SAFE,1,162,b70e6b7e...,true,FALSE,
585,buzzfeed.com,SAFE,1,92,c486b361...,true,FALSE,
587,whecloud.com,ERROR,0,0,,FALSE,FALSE,Local: dial tcp: lookup whecloud.com: no such host Agent: DNS lookup failed: lookup whecloud.com: no such host
588,azure-dns.com,ERROR,0,0,,FALSE,FALSE,Local: dial tcp: lookup azure-dns.com: no such host Agent: DNS lookup failed: lookup azure-dns.com: no such host
571,trendmicro.com,SAFE,1,767,cb549bdd...,true,FALSE,
572,britannica.com,SAFE,1,1094,668248f4...,true,FALSE,
591,licdn.com,ERROR,0,0,,FALSE,FALSE,Local: dial tcp: lookup licdn.com: no such host Agent: DNS lookup failed: lookup licdn.com: no such host
592,awsglobalaccelerator.com,ERROR,0,0,,FALSE,FALSE,Local: dial tcp: lookup awsglobalaccelerator.com: no such host Agent: DNS lookup failed: lookup awsglobalaccelerator.com: no such host
533,worldnic.com,ERROR,0,0,,FALSE,FALSE,Local: dial tcp 205.178.187.13:443: i/o timeout Agent: failed to retrieve certificate from any IP of worldnic.com
589,uk.com,SAFE,1,374,5c905fe9...,true,FALSE,
575,telekom.net,SAFE,1,1464,b187f037...,true,FALSE,
593,onetrust.com,SAFE,1,122,136b07fa...,true,FALSE,
594,aboutads.info,SAFE,1,120,02b080c9...,true,FALSE,
596,googletagservices.com,ERROR,0,0,,FALSE,FALSE,Local: dial tcp: lookup googletagservices.com: no such host Agent: DNS lookup failed: lookup googletagservices.com: no such host
598,hicloud.com,ERROR,0,0,,FALSE,FALSE,Local: dial tcp: lookup hicloud.com: no such host Agent: DNS lookup failed: lookup hicloud.com: no such host
545,comcast.com,ERROR,0,0,,FALSE,FALSE,Local: dial tcp 96.99.227.0:443: connectex: No connection could be made because the target machine actively refused it. Agent: failed to retrieve certificate from any IP of comcast.com
599,cbsnews.com,SAFE,1,123,c923db10...,true,FALSE,
597,merriam-webster.com,SAFE,1,120,3ebec369...,true,FALSE,
602,accuweather.com,SAFE,1,87,fc39c2a1...,true,FALSE,
595,lijit.com,SAFE,1,461,719572ca...,true,FALSE,
605,hostgator.com.br,SAFE,1,131,e190105a...,true,FALSE,
600,shutterstock.com,SAFE,1,552,7b2191ee...,true,FALSE,
590,ovh.net,SAFE,1,515,5a42e68c...,true,FALSE,
579,amazon.co.jp,SAFE,1,1861,8c062771...,true,FALSE,
608,nike.com,SAFE,1,116,85f81b37...,true,FALSE,
609,amazontrust.com,SAFE,1,115,88af7f1e...,true,FALSE,
604,he.net,SAFE,1,902,3b2e2eab...,true,FALSE,
610,g.co,SAFE,1,208,30d1ce98...,true,FALSE,
613,namebrightdns.com,ERROR,0,0,,FALSE,FALSE,Local: dial tcp: lookup namebrightdns.com: no such host Agent: DNS lookup failed: lookup namebrightdns.com: no such host
614,surveymonkey.com,SAFE,1,20,109eef2f...,true,FALSE,
615,live.net,ERROR,0,0,,FALSE,FALSE,Local: dial tcp: lookup live.net: no such host Agent: DNS lookup failed: lookup live.net: no such host
607,ieee.org,SAFE,1,508,12396fc6...,true,FALSE,
616,twimg.com,ERROR,0,0,,FALSE,FALSE,Local: dial tcp: lookup twimg.com: no such host Agent: DNS lookup failed: lookup twimg.com: no such host
606,samsungapps.com,SAFE,1,716,108407e7...,true,FALSE,
617,substack.com,SAFE,1,106,341ed2de...,true,FALSE,
618,yelp.com,SAFE,1,73,1db3fa03...,true,FALSE,
621,vtwenty.com,ERROR,0,0,,FALSE,FALSE,Local: dial tcp: lookup vtwenty.com: no such host Agent: DNS lookup failed: lookup vtwenty.com: no such host
612,shopee.com.br,SAFE,1,437,bd825e51...,true,FALSE,
622,markmonitor.com,SAFE,1,87,5cf96925...,true,FALSE,
623,arxiv.org,SAFE,1,215,c8ccf333...,true,FALSE,
624,techcrunch.com,SAFE,1,160,0fab85a7...,true,FALSE,
603,wbbasket.ru,ERROR,0,0,,FALSE,FALSE,Local: dial tcp: lookup wbbasket.ru: no such host Agent: DNS lookup failed: lookup wbbasket.ru: no such host
627,fontawesome.com,SAFE,1,95,fb1e5224...,true,FALSE,
601,noaa.gov,SAFE,2,3001,ecf870a6...,true,FALSE,
567,mhverifier.ru,ERROR,0,0,,FALSE,FALSE,Local: context deadline exceeded Agent: failed to retrieve certificate from any IP of mhverifier.ru
629,deepl.com,SAFE,1,176,2ba51319...,true,FALSE,
619,okta.com,SAFE,1,1530,9e477a21...,true,FALSE,
626,wp.pl,SAFE,1,587,8a6d6d3e...,true,FALSE,
625,ted.com,SAFE,1,1052,0f72edee...,true,FALSE,
628,oraclecloud.com,SAFE,1,592,fc75e33c...,true,FALSE,
583,intercom.io,ERROR,0,0,,FALSE,FALSE,Local: context deadline exceeded
620,force.com,SAFE,1,734,ce9c74c0...,true,FALSE,
636,wattpad.com,SAFE,1,35,bcb607de...,true,FALSE,
638,sentinelone.net,ERROR,0,0,,FALSE,FALSE,Local: dial tcp: lookup sentinelone.net: no such host Agent: DNS lookup failed: lookup sentinelone.net: no such host
639,optimizely.com,SAFE,1,73,a327a71a...,true,FALSE,
635,newrelic.com,SAFE,1,304,b4de28d5...,true,FALSE,
630,dotomi.com,SAFE,1,1100,6f9666fb...,true,FALSE,
631,stackadapt.com,SAFE,1,730,ea091ebb...,true,FALSE,
640,elpais.com,SAFE,1,81,29c5f845...,true,FALSE,
641,jotform.com,SAFE,1,90,4c779873...,true,FALSE,
632,yieldmo.com,SAFE,1,817,24b10301...,true,FALSE,
643,pinimg.com,SAFE,1,92,2e69232e...,true,FALSE,
646,smaato.net,ERROR,0,0,,FALSE,FALSE,Local: dial tcp: lookup smaato.net: no such host Agent: DNS lookup failed: lookup smaato.net: no such host
645,tapad.com,SAFE,1,83,a2993afe...,true,FALSE,
647,brave.com,SAFE,1,82,2d74167e...,true,FALSE,
648,digitalocean.com,SAFE,1,90,b5d37680...,true,FALSE,
651,agkn.com,ERROR,0,0,,FALSE,FALSE,Local: dial tcp: lookup agkn.com: no such host Agent: DNS lookup failed: lookup agkn.com: no such host
644,withgoogle.com,SAFE,2,446,eb48e28c...,true,FALSE,
650,telephony.goog,SAFE,1,369,1cf543d6...,true,FALSE,
654,wswebcdn.com,ERROR,0,0,,FALSE,FALSE,Local: dial tcp: lookup wswebcdn.com: no such host Agent: DNS lookup failed: lookup wswebcdn.com: no such host
637,viber.com,SAFE,1,1163,d2657b86...,true,FALSE,
649,w3schools.com,SAFE,1,633,419203cc...,true,FALSE,
586,spaceweb.pro,ERROR,0,0,,FALSE,FALSE,Local: dial tcp 77.222.41.152:443: i/o timeout Agent: failed to retrieve certificate from any IP of spaceweb.pro
652,dreamhost.com,SAFE,1,756,b8968031...,true,FALSE,
659,conviva.com,SAFE,1,93,b3b23827...,true,FALSE,
658,outbrain.com,SAFE,1,202,763a24f0...,true,FALSE,
653,quickconnect.to,SAFE,1,917,23e3af8a...,true,FALSE,
655,redhat.com,SAFE,1,857,4808dd89...,true,FALSE,
662,avito.ru,SAFE,1,142,50503d60...,true,FALSE,
611,360safe.com,ERROR,0,0,,FALSE,FALSE,Local: dial tcp 101.226.4.13:443: i/o timeout Agent: failed to retrieve certificate from any IP of 360safe.com
634,duckdns.org,SAFE,1,815,8eeb1f13...,true,FALSE,
664,appcenter.ms,SAFE,1,139,e0f9603a...,true,FALSE,
667,grammarly.io,ERROR,0,0,,FALSE,FALSE,Local: dial tcp: lookup grammarly.io: no such host Agent: DNS lookup failed: lookup grammarly.io: no such host
657,xerox.com,SAFE,1,827,c9e9cbdc...,true,FALSE,
660,bidmachine.io,SAFE,1,1069,eb4a235a...,true,FALSE,
669,1rx.io,ERROR,0,0,,FALSE,FALSE,Local: dial tcp: lookup 1rx.io: no such host Agent: DNS lookup failed: lookup 1rx.io: no such host
668,service.gov.uk,SAFE,1,93,7b86b931...,true,FALSE,
671,mailchimp.com,SAFE,1,85,78f43e9e...,true,FALSE,
670,cambridge.org,SAFE,1,122,3af2d939...,true,FALSE,
673,vidaahub.com,ERROR,0,0,,FALSE,FALSE,Local: dial tcp: lookup vidaahub.com: no such host Agent: DNS lookup failed: lookup vidaahub.com: no such host
665,rt.ru,SAFE,1,455,f858adb0...,true,FALSE,
676,sc-cdn.net,ERROR,0,0,,FALSE,FALSE,Local: dial tcp: lookup sc-cdn.net: no such host Agent: DNS lookup failed: lookup sc-cdn.net: no such host
677,klaviyo.com,SAFE,1,44,b4981729...,true,FALSE,
674,vkontakte.ru,SAFE,1,532,ce72785d...,true,FALSE,
661,gdemoideti.ru,SAFE,1,537,4b1a8572...,true,FALSE,
656,amazon.fr,SAFE,1,1900,64c8f568...,true,FALSE,
679,marriott.com,SAFE,1,136,ffa925c3...,true,FALSE,
675,salesforceliveagent.com,SAFE,1,781,30807146...,true,FALSE,
678,vkuserphoto.ru,SAFE,1,535,18722e04...,true,FALSE,
682,lemonde.fr,SAFE,1,458,5aecc94e...,true,FALSE,
685,yandxadservices.net,ERROR,0,0,,FALSE,FALSE,Local: dial tcp: lookup yandxadservices.net: no such host Agent: DNS lookup failed: lookup yandxadservices.net: no such host
633,typekit.net,ERROR,0,0,,FALSE,FALSE,Local: dial tcp 216.146.46.11:443: i/o timeout Agent: failed to retrieve certificate from any IP of typekit.net
687,bidr.io,ERROR,0,0,,FALSE,FALSE,Local: dial tcp: lookup bidr.io: no such host Agent: DNS lookup failed: lookup bidr.io: no such host
683,ups.com,SAFE,1,511,4899e3cf...,true,FALSE,
681,airbnb.com,SAFE,1,810,a48627b1...,true,FALSE,
690,googlezip.net,ERROR,0,0,,FALSE,FALSE,Local: dial tcp: lookup googlezip.net: no such host Agent: DNS lookup failed: lookup googlezip.net: no such host
663,ozone.ru,SAFE,1,2048,8e49e0ab...,true,FALSE,
689,fb.com,SAFE,1,65,f316c05e...,true,FALSE,
692,steamstatic.com,ERROR,0,0,,FALSE,FALSE,Local: dial tcp: lookup steamstatic.com: no such host Agent: DNS lookup failed: lookup steamstatic.com: no such host
684,spiegel.de,SAFE,1,432,7bb681f2...,true,FALSE,
691,volcfcdndvs.com,ERROR,0,0,,FALSE,FALSE,Local: dial tcp: lookup volcfcdndvs.com: no such host Agent: DNS lookup failed: lookup volcfcdndvs.com: no such host
694,liadm.com,ERROR,0,0,,FALSE,FALSE,Local: dial tcp: lookup liadm.com: no such host Agent: DNS lookup failed: lookup liadm.com: no such host
695,anydesk.com,SAFE,1,105,3a133b90...,true,FALSE,
642,chinamobile.com,ERROR,0,0,,FALSE,FALSE,Local: dial tcp 211.136.27.3:443: i/o timeout Agent: failed to retrieve certificate from any IP of chinamobile.com
688,websitewelcome.com,SAFE,1,525,e871e40f...,true,FALSE,
666,amazon.ca,SAFE,1,2248,362cf7fe...,true,FALSE,
701,gumgum.com,SAFE,1,24,5e8a9836...,true,FALSE,
702,omnitagjs.com,ERROR,0,0,,FALSE,FALSE,Local: dial tcp: lookup omnitagjs.com: no such host Agent: DNS lookup failed: lookup omnitagjs.com: no such host
696,sagepub.com,SAFE,1,430,a0c569fd...,true,FALSE,
697,zillow.com,SAFE,1,447,1427062b...,true,FALSE,
705,exp-tas.com,ERROR,0,0,,FALSE,FALSE,Local: dial tcp: lookup exp-tas.com: no such host Agent: DNS lookup failed: lookup exp-tas.com: no such host
700,asus.com,SAFE,1,185,02ad1420...,true,FALSE,
707,nel.goog,ERROR,0,0,,FALSE,FALSE,Local: dial tcp: lookup nel.goog: no such host Agent: DNS lookup failed: lookup nel.goog: no such host
698,zoho.com,SAFE,1,495,95f86583...,true,FALSE,
706,33across.com,SAFE,1,84,5ff4890b...,true,FALSE,
680,adform.net,SAFE,1,1757,487ad90f...,true,FALSE,
708,heylink.me,SAFE,1,102,e5cba687...,true,FALSE,
712,impervadns.net,ERROR,0,0,,FALSE,FALSE,Local: dial tcp: lookup impervadns.net: no such host Agent: DNS lookup failed: lookup impervadns.net: no such host
704,nic.network,SAFE,1,405,4f8a0aa6...,true,FALSE,
713,shopee.co.id,SAFE,1,175,316a1b8b...,true,FALSE,
703,ya.ru,SAFE,1,547,cbf2f482...,true,FALSE,
716,onelink.me,SAFE,1,27,d52874a9...,true,FALSE,
715,mediafire.com,SAFE,1,74,e98b1d01...,true,FALSE,
718,ovscdns.com,ERROR,0,0,,FALSE,FALSE,Local: dial tcp: lookup ovscdns.com: no such host Agent: DNS lookup failed: lookup ovscdns.com: no such host
719,samsungacr.com,ERROR,0,0,,FALSE,FALSE,Local: dial tcp: lookup samsungacr.com: no such host Agent: DNS lookup failed: lookup samsungacr.com: no such host
720,bugsnag.com,SAFE,1,42,ccb294c1...,true,FALSE,
709,edgecastdns.net,ERROR,0,0,,FALSE,FALSE,Local: dial tcp: lookup edgecastdns.net: getaddrinfow: This is usually a temporary error during hostname resolution and means that the local server did not receive a response from an authoritative server. Agent: DNS lookup failed: lookup edgecastdns.net: getaddrinfow: This is usually a temporary error during hostname resolution and means that the local server did not receive a response from an authoritative server.
722,mdpi.com,SAFE,1,127,5e5c0f2d...,true,FALSE,
721,ipify.org,SAFE,1,111,d1c50fc4...,true,FALSE,
724,ks-cdn.com,ERROR,0,0,,FALSE,FALSE,Local: dial tcp: lookup ks-cdn.com: no such host Agent: DNS lookup failed: lookup ks-cdn.com: no such host
686,unesco.org,SAFE,1,846,89c1dd12...,true,FALSE,
726,dbankcloud.com,ERROR,0,0,,FALSE,FALSE,Local: dial tcp: lookup dbankcloud.com: no such host Agent: DNS lookup failed: lookup dbankcloud.com: no such host
727,bytefcdn-ttpus.com,ERROR,0,0,,FALSE,FALSE,Local: dial tcp: lookup bytefcdn-ttpus.com: no such host Agent: DNS lookup failed: lookup bytefcdn-ttpus.com: no such host
728,people.com,SAFE,1,102,3373dade...,true,FALSE,
729,google.cn,SAFE,1,138,fdb1ee6a...,true,FALSE,
672,crwdcntrl.net,ERROR,0,0,,FALSE,FALSE,Local: dial tcp 199.233.57.16:443: i/o timeout Agent: failed to retrieve certificate from any IP of crwdcntrl.net
714,creativecdn.com,SAFE,1,576,7b8478ea...,true,FALSE,
717,hath.network,SAFE,1,480,f5abddfb...,true,FALSE,
711,webmd.com,SAFE,1,733,b2f35047...,true,FALSE,
732,hcaptcha.com,SAFE,1,111,d6e47868...,true,FALSE,
699,ring.com,SAFE,1,2058,72f961a5...,true,FALSE,
693,quantserve.com,SAFE,1,1820,2aa37635...,true,FALSE,
734,investopedia.com,SAFE,1,129,cf85ca0f...,true,FALSE,
735,mixpanel.com,SAFE,1,66,badb374a...,true,FALSE,
733,box.com,SAFE,1,152,6ad20b3d...,true,FALSE,
739,bitrix24.ru,SAFE,1,119,867399e2...,true,FALSE,
738,theverge.com,SAFE,1,248,bef48369...,true,FALSE,
731,vk.ru,SAFE,1,586,ce72785d...,true,FALSE,
723,hihonorcloud.com,SAFE,1,919,7c381223...,true,FALSE,
743,freepik.com,SAFE,1,99,40554813...,true,FALSE,
745,imrworldwide.com,ERROR,0,0,,FALSE,FALSE,Local: dial tcp: lookup imrworldwide.com: no such host Agent: DNS lookup failed: lookup imrworldwide.com: no such host
744,prnewswire.com,SAFE,1,193,914456eb...,true,FALSE,
747,gtld.biz,ERROR,0,0,,FALSE,FALSE,Local: dial tcp: lookup gtld.biz: no such host Agent: DNS lookup failed: lookup gtld.biz: no such host
742,xbox.com,SAFE,1,563,f6ce5008...,true,FALSE,
749,allaboutcookies.org,SAFE,1,188,1cca669d...,true,FALSE,
750,criteo.net,ERROR,0,0,,FALSE,FALSE,Local: dial tcp: lookup criteo.net: no such host Agent: DNS lookup failed: lookup criteo.net: no such host
740,warnerbros.com,SAFE,1,1291,de0ef219...,true,FALSE,
746,latimes.com,SAFE,1,650,cda0e947...,true,FALSE,
737,360.cn,SAFE,1,986,f50f45e4...,true,FALSE,
751,fiverr.com,SAFE,1,144,f518a4b6...,true,FALSE,
755,liftoff.io,SAFE,1,133,f02ac91b...,true,FALSE,
754,bestbuy.com,SAFE,1,95,4e242140...,true,FALSE,
730,amazon.in,SAFE,1,2055,4dc3fb14...,true,FALSE,
758,curseforge.com,SAFE,1,83,bf005f2c...,true,FALSE,
756,t-mobile.com,SAFE,1,501,efd30e20...,true,FALSE,
760,githubusercontent.com,ERROR,0,0,,FALSE,FALSE,Local: dial tcp: lookup githubusercontent.com: no such host Agent: DNS lookup failed: lookup githubusercontent.com: no such host
710,tencent.com,ERROR,0,0,,FALSE,FALSE,Local: context deadline exceeded Agent: failed to retrieve certificate from any IP of tencent.com
753,rackspace.com,SAFE,1,1069,b7532f3a...,true,FALSE,
759,qualtrics.com,SAFE,1,834,1870c368...,true,FALSE,
761,dfn.nl,SAFE,1,445,0ef084d3...,true,FALSE,
765,homedepot.com,SAFE,1,146,fab3e651...,true,FALSE,
725,xvideos.com,ERROR,0,0,,FALSE,FALSE,Local: context deadline exceeded Agent: failed to retrieve certificate from any IP of xvideos.com
752,amazon.es,SAFE,1,1956,3c96b091...,true,FALSE,
762,life360.com,SAFE,1,1068,6a07023a...,true,FALSE,
763,nbcnews.com,SAFE,1,1070,9e195d37...,true,FALSE,
769,bandcamp.com,SAFE,1,257,425eab2e...,true,FALSE,
766,networkadvertising.org,SAFE,1,593,fde7ef86...,true,FALSE,
770,nikkei.com,SAFE,1,237,06b55ad3...,true,FALSE,
767,no-ip.com,SAFE,1,651,ba694ffb...,true,FALSE,
736,rackspace.net,ERROR,0,0,,FALSE,FALSE,Local: dial tcp 207.97.209.147:443: i/o timeout Agent: failed to retrieve certificate from any IP of rackspace.net
771,me.com,SAFE,1,384,bc04171c...,true,FALSE,
774,academia.edu,SAFE,1,254,5d865b30...,true,FALSE,
776,myspace.com,SAFE,1,89,d8fc5551...,true,FALSE,
775,appspot.com,SAFE,1,143,eb48e28c...,true,FALSE,
778,turn.com,ERROR,0,0,,FALSE,FALSE,Local: dial tcp: lookup turn.com: no such host Agent: DNS lookup failed: lookup turn.com: no such host
780,bytefcdn-ttpeu.com,ERROR,0,0,,FALSE,FALSE,Local: dial tcp: lookup bytefcdn-ttpeu.com: no such host Agent: DNS lookup failed: lookup bytefcdn-ttpeu.com: no such host
779,discordapp.com,SAFE,1,82,7b450c48...,true,FALSE,
782,adobedc.net,ERROR,0,0,,FALSE,FALSE,Local: dial tcp: lookup adobedc.net: no such host Agent: DNS lookup failed: lookup adobedc.net: no such host
741,everesttech.net,ERROR,0,0,,FALSE,FALSE,Local: dial tcp 208.91.169.4:443: i/o timeout Agent: failed to retrieve certificate from any IP of everesttech.net
783,linode.com,SAFE,1,82,dd8dc2fb...,true,FALSE,
764,rakuten.com,SAFE,1,1955,fc08d430...,true,FALSE,
785,lenovo.com,SAFE,1,84,3ede311d...,true,FALSE,
781,datadoghq.com,SAFE,1,377,f9a9e478...,true,FALSE,
748,miwifi.com,ERROR,0,0,,FALSE,FALSE,Local: dial tcp 120.133.85.203:443: i/o timeout Agent: failed to retrieve certificate from any IP of miwifi.com
786,google.nl,SAFE,1,135,a940fc0e...,true,FALSE,
788,lgtvcommon.com,ERROR,0,0,,FALSE,FALSE,Local: dial tcp: lookup lgtvcommon.com: no such host Agent: DNS lookup failed: lookup lgtvcommon.com: no such host
784,a-mo.net,SAFE,1,458,93cb855c...,true,FALSE,
791,adguard-vpn.online,ERROR,0,0,,FALSE,FALSE,Local: dial tcp: lookup adguard-vpn.online: no such host Agent: DNS lookup failed: lookup adguard-vpn.online: no such host
793,atlassian.net,SAFE,1,12,1bb9fb0c...,true,FALSE,
792,lefigaro.fr,SAFE,1,89,363c581d...,true,FALSE,
794,webhostbox.net,ERROR,0,0,,FALSE,FALSE,Local: dial tcp: lookup webhostbox.net: no such host Agent: DNS lookup failed: lookup webhostbox.net: no such host
777,pccc.com,SAFE,1,521,91b5177b...,true,FALSE,
797,apnews.com,SAFE,1,89,e39bda96...,true,FALSE,
795,recaptcha.net,SAFE,1,140,c1bea8be...,true,FALSE,
798,hbr.org,SAFE,1,104,df534621...,true,FALSE,
800,ssl-images-amazon.com,ERROR,0,0,,FALSE,FALSE,Local: dial tcp: lookup ssl-images-amazon.com: no such host Agent: DNS lookup failed: lookup ssl-images-amazon.com: no such host
772,amazon.it,SAFE,1,1797,74697506...,true,FALSE,
796,allegro.pl,SAFE,1,486,2d75b5b6...,true,FALSE,
801,zemanta.com,SAFE,1,125,c61d3651...,true,FALSE,
757,disqus.com,ERROR,0,0,,FALSE,FALSE,Local: context deadline exceeded Agent: failed to retrieve certificate from any IP of disqus.com
787,mayoclinic.org,SAFE,1,910,3db39697...,true,FALSE,
802,mlb.com,SAFE,1,85,7e9b168e...,true,FALSE,
799,clever.com,SAFE,1,476,8df1bb43...,true,FALSE,
773,gamepass.com,SAFE,1,3001,133f2022...,true,FALSE,
805,primevideo.com,SAFE,1,90,f1ba8645...,true,FALSE,
807,python.org,SAFE,1,128,9c858064...,true,FALSE,
806,disneyplus.com,SAFE,1,124,b5e40c27...,true,FALSE,
790,teads.tv,SAFE,1,974,efc5d7fd...,true,FALSE,
809,adjust.com,SAFE,1,85,434e71e4...,true,FALSE,
808,fda.gov,SAFE,1,123,63c805e7...,true,FALSE,
811,unrulymedia.com,SAFE,1,103,d651f136...,true,FALSE,
813,unpkg.com,SAFE,1,86,3f2cbb33...,true,FALSE,
814,bild.de,SAFE,1,95,27f04977...,true,FALSE,
815,perplexity.ai,SAFE,1,94,e1294f58...,true,FALSE,
816,azure-devices.net,ERROR,0,0,,FALSE,FALSE,Local: dial tcp: lookup azure-devices.net: no such host Agent: DNS lookup failed: lookup azure-devices.net: no such host
803,washington.edu,SAFE,1,710,181729bc...,true,FALSE,
821,bx-msedge.net,ERROR,0,0,,FALSE,FALSE,Local: dial tcp: lookup bx-msedge.net: no such host Agent: DNS lookup failed: lookup bx-msedge.net: no such host
812,healthline.com,SAFE,1,516,71f044da...,true,FALSE,
768,livejournal.com,ERROR,0,0,,FALSE,FALSE," Agent: failed to retrieve certificate from any IP of livejournal.com"
789,ameblo.jp,SAFE,1,3000,19144649...,true,FALSE,
824,cursor.sh,SAFE,1,85,ab54e2ea...,true,FALSE,
820,iso.org,SAFE,1,414,207e49eb...,true,FALSE,
818,newsweek.com,SAFE,1,552,bbdf71a3...,true,FALSE,
826,go-mpulse.net,ERROR,0,0,,FALSE,FALSE,Local: dial tcp: lookup go-mpulse.net: no such host Agent: DNS lookup failed: lookup go-mpulse.net: no such host
819,welt.de,SAFE,1,600,d4064834...,true,FALSE,
823,onetag-sys.com,SAFE,1,207,372af800...,true,FALSE,
829,firebaseio.com,ERROR,0,0,,FALSE,FALSE,Local: dial tcp: lookup firebaseio.com: no such host Agent: DNS lookup failed: lookup firebaseio.com: no such host
830,spotifycdn.com,ERROR,0,0,,FALSE,FALSE,Local: dial tcp: lookup spotifycdn.com: no such host Agent: DNS lookup failed: lookup spotifycdn.com: no such host
832,yellowblue.io,ERROR,0,0,,FALSE,FALSE,Local: dial tcp: lookup yellowblue.io: no such host Agent: DNS lookup failed: lookup yellowblue.io: no such host
828,pexels.com,SAFE,1,91,dd4b6884...,true,FALSE,
831,themeforest.net,SAFE,1,94,96d9d5b1...,true,FALSE,
810,rbc.ru,SAFE,1,76,a179bd17...,true,FALSE,
833,readthedocs.io,SAFE,1,95,cf044b41...,true,FALSE,
817,aniview.com,SAFE,1,1039,1f84942d...,true,FALSE,
834,onlyfans.com,SAFE,1,78,bf75d52f...,true,FALSE,
836,afilias-nst.info,ERROR,0,0,,FALSE,FALSE,Local: dial tcp: lookup afilias-nst.info: no such host Agent: DNS lookup failed: lookup afilias-nst.info: no such host
837,chess.com,SAFE,1,86,9741253f...,true,FALSE,
839,cdn-vk.ru,ERROR,0,0,,FALSE,FALSE,Local: dial tcp: lookup cdn-vk.ru: no such host Agent: DNS lookup failed: lookup cdn-vk.ru: no such host
842,zenecn.net,ERROR,0,0,,FALSE,FALSE,Local: dial tcp: lookup zenecn.net: no such host Agent: DNS lookup failed: lookup zenecn.net: no such host
841,dbankcloud.cn,ERROR,0,0,,FALSE,FALSE,Local: dial tcp: lookup dbankcloud.cn: no such host Agent: DNS lookup failed: lookup dbankcloud.cn: no such host
845,aliyuncsslbintl.com,ERROR,0,0,,FALSE,FALSE,Local: dial tcp: lookup aliyuncsslbintl.com: no such host Agent: DNS lookup failed: lookup aliyuncsslbintl.com: no such host
835,nic.io,SAFE,1,416,c5318672...,true,FALSE,
846,agoda.com,SAFE,1,69,9effb65d...,true,FALSE,
848,globalsign.com,SAFE,1,90,542f755c...,true,FALSE,
847,cloudinary.com,SAFE,1,73,728c8cf1...,true,FALSE,
825,usda.gov,SAFE,1,802,7f98ac2a...,true,FALSE,
851,genius.com,SAFE,1,139,e1f673a9...,true,FALSE,
852,kickstarter.com,SAFE,1,131,24bb0dc7...,true,FALSE,
838,figma.com,SAFE,1,1427,5f7da641...,true,FALSE,
840,discogs.com,SAFE,1,943,c504fe76...,true,FALSE,
854,bankofamerica.com,SAFE,1,52,02c1adcf...,true,FALSE,
855,dbankcloud.ru,ERROR,0,0,,FALSE,FALSE,Local: dial tcp: lookup dbankcloud.ru: no such host Agent: DNS lookup failed: lookup dbankcloud.ru: no such host
822,flashtalking.com,SAFE,1,1073,519b247e...,true,FALSE,
849,fwmrm.net,SAFE,1,522,f6826813...,true,FALSE,
859,shopifysvc.com,ERROR,0,0,,FALSE,FALSE,Local: dial tcp: lookup shopifysvc.com: no such host Agent: DNS lookup failed: lookup shopifysvc.com: no such host
856,nationalgeographic.com,SAFE,1,31,ca81e6a9...,true,FALSE,
860,mozilla.net,ERROR,0,0,,FALSE,FALSE,Local: dial tcp: lookup mozilla.net: no such host Agent: DNS lookup failed: lookup mozilla.net: no such host
861,sportradar.com,SAFE,1,90,61dfe482...,true,FALSE,
863,onet.pl,SAFE,1,31,9335b4f6...,true,FALSE,
864,cootlogix.com,SAFE,1,115,4d5283a5...,true,FALSE,
862,theatlantic.com,SAFE,1,376,d47a6de3...,true,FALSE,
827,princeton.edu,SAFE,1,993,c147921c...,true,FALSE,
865,linklist.bio,SAFE,1,137,023a3dff...,true,FALSE,
866,hm.com,SAFE,1,141,7add0f32...,true,FALSE,
867,ebay.co.uk,SAFE,1,135,cfce1866...,true,FALSE,
869,thenai.org,SAFE,1,72,6e2d1dd8...,true,FALSE,
870,threads.com,SAFE,1,84,6c3010a5...,true,FALSE,
853,docker.io,SAFE,1,994,a0adec90...,true,FALSE,
873,biblegateway.com,SAFE,1,94,f5668bb7...,true,FALSE,
874,cloudsink.net,ERROR,0,0,,FALSE,FALSE,Local: dial tcp: lookup cloudsink.net: no such host Agent: DNS lookup failed: lookup cloudsink.net: no such host
875,eu-1-id5-sync.com,SAFE,1,141,3c96bc1c...,true,FALSE,
876,worldbank.org,SAFE,1,85,f5f4f759...,true,FALSE,
871,seznam.cz,SAFE,1,581,aa6deead...,true,FALSE,
868,otto.de,SAFE,1,949,f7eaa902...,true,FALSE,
878,typeform.com,SAFE,1,37,8ca53fb8...,true,FALSE,
877,mailchi.mp,SAFE,1,85,b0d1ff01...,true,FALSE,
872,geobasket.ru,ERROR,0,0,,FALSE,FALSE,Local: dial tcp: lookup geobasket.ru: no such host Agent: DNS lookup failed: lookup geobasket.ru: no such host
880,lowes.com,SAFE,1,77,d743a8f8...,true,FALSE,
881,kick.com,SAFE,1,116,ce270cc5...,true,FALSE,
883,samsungosp.com,ERROR,0,0,,FALSE,FALSE,Local: dial tcp: lookup samsungosp.com: no such host Agent: DNS lookup failed: lookup samsungosp.com: no such host
804,usps.com,ERROR,0,0,,FALSE,FALSE,Local: dial tcp 56.0.134.100:443: i/o timeout Agent: failed to retrieve certificate from any IP of usps.com
886,bytefcdn.com,ERROR,0,0,,FALSE,FALSE,Local: dial tcp: lookup bytefcdn.com: no such host Agent: DNS lookup failed: lookup bytefcdn.com: no such host
858,youku.com,SAFE,1,2315,bad72f6a...,true,FALSE,
885,huffpost.com,SAFE,1,93,1db90876...,true,FALSE,
879,moloco.com,SAFE,1,436,5bf2ef91...,true,FALSE,
857,synology.com,SAFE,1,2471,40bb8914...,true,FALSE,
891,tplinknbu.com,ERROR,0,0,,FALSE,FALSE,Local: dial tcp: lookup tplinknbu.com: no such host Agent: DNS lookup failed: lookup tplinknbu.com: no such host
889,prodregistryv2.org,SAFE,1,102,0eef18fd...,true,FALSE,
887,wps.com,SAFE,1,162,af23ecf7...,true,FALSE,
894,adgrx.com,ERROR,0,0,,FALSE,FALSE,Local: dial tcp: lookup adgrx.com: no such host Agent: DNS lookup failed: lookup adgrx.com: no such host
892,smartthings.com,SAFE,1,84,c8e3f852...,true,FALSE,
896,xiaohongshu.com,SAFE,1,108,7a71e6d4...,true,FALSE,
882,ubnt.com,SAFE,1,725,200e6e7c...,true,FALSE,
897,akamaitech.net,ERROR,0,0,,FALSE,FALSE,Local: dial tcp: lookup akamaitech.net: no such host Agent: DNS lookup failed: lookup akamaitech.net: no such host
899,whitehouse.gov,SAFE,1,181,f07d58be...,true,FALSE,
843,pornhub.com,ERROR,0,0,,FALSE,FALSE,Local: context deadline exceeded Agent: failed to retrieve certificate from any IP of pornhub.com
844,change.org,ERROR,0,0,,FALSE,FALSE,Local: context deadline exceeded Agent: failed to retrieve certificate from any IP of change.org
901,classlink.com,SAFE,1,132,c0a5359d...,true,FALSE,
850,mckinsey.com,ERROR,0,0,,FALSE,FALSE,Local: context deadline exceeded Agent: failed to retrieve certificate from any IP of mckinsey.com
903,onlinepbx.ru,SAFE,1,75,4157c9f8...,true,FALSE,
904,dccnet.com.cn,ERROR,0,0,,FALSE,FALSE,Local: dial tcp: lookup dccnet.com.cn: no such host Agent: DNS lookup failed: lookup dccnet.com.cn: no such host
902,segment.io,SAFE,1,709,c2da34ed...,true,FALSE,
906,character.ai,SAFE,1,80,2765288d...,true,FALSE,
884,openstreetmap.org,SAFE,1,2774,0e10c3ae...,true,FALSE,
907,cdnhwc1.com,ERROR,0,0,,FALSE,FALSE,Local: dial tcp: lookup cdnhwc1.com: no such host Agent: DNS lookup failed: lookup cdnhwc1.com: no such host
910,crazygames.com,SAFE,1,78,32f40932...,true,FALSE,
911,yximgs.com,ERROR,0,0,,FALSE,FALSE,Local: dial tcp: lookup yximgs.com: no such host Agent: DNS lookup failed: lookup yximgs.com: no such host
912,fbsbx.com,SAFE,1,85,be1490c9...,true,FALSE,
905,netgear.com,SAFE,1,626,d4fe450c...,true,FALSE,
913,smilewanted.com,SAFE,1,124,fdc0605f...,true,FALSE,
909,dribbble.com,SAFE,1,588,46bd442c...,true,FALSE,
915,shopeemobile.com,SAFE,1,168,02ece405...,true,FALSE,
917,e-msedge.net,ERROR,0,0,,FALSE,FALSE,Local: dial tcp: lookup e-msedge.net: no such host Agent: DNS lookup failed: lookup e-msedge.net: no such host
918,chaturbate.com,SAFE,1,84,321d920f...,true,FALSE,
919,samsungcloudsolution.net,ERROR,0,0,,FALSE,FALSE,Local: dial tcp: lookup samsungcloudsolution.net: no such host Agent: DNS lookup failed: lookup samsungcloudsolution.net: no such host
914,seedtag.com,SAFE,1,528,16a8f2c4...,true,FALSE,
920,usgovcloudapi.net,ERROR,0,0,,FALSE,FALSE,Local: dial tcp: lookup usgovcloudapi.net: no such host Agent: DNS lookup failed: lookup usgovcloudapi.net: no such host
921,bytedns1.com,ERROR,0,0,,FALSE,FALSE,Local: dial tcp: lookup bytedns1.com: no such host Agent: DNS lookup failed: lookup bytedns1.com: no such host
898,amazon.com.br,SAFE,1,3000,19caf006...,true,FALSE,
924,afilias-nst.org,ERROR,0,0,,FALSE,FALSE,Local: dial tcp: lookup afilias-nst.org: no such host Agent: DNS lookup failed: lookup afilias-nst.org: no such host
925,arcgis.com,SAFE,1,24,45219269...,true,FALSE,
895,pbs.org,ERROR,0,0,,FALSE,FALSE," Agent: failed to retrieve certificate from any IP of pbs.org"
922,frontiersin.org,SAFE,1,485,3116695d...,true,FALSE,
926,capcut.com,SAFE,1,36,e6f31448...,true,FALSE,
927,daum.net,SAFE,1,306,89b1646a...,true,FALSE,
888,richaudience.com,ERROR,0,0,,FALSE,FALSE,Local: dial tcp 62.36.229.31:443: i/o timeout Agent: failed to retrieve certificate from any IP of richaudience.com
908,epa.gov,SAFE,1,3001,4f00736f...,true,FALSE,
890,attn.tv,ERROR,0,0,,FALSE,FALSE,Local: dial tcp 54.231.136.21:443: i/o timeout Agent: failed to retrieve certificate from any IP of attn.tv
932,onesignal.com,SAFE,1,77,9632e6d4...,true,FALSE,
893,kunluncan.com,ERROR,0,0,,FALSE,FALSE,Local: dial tcp 115.238.23.241:443: i/o timeout Agent: failed to retrieve certificate from any IP of kunluncan.com
934,note.com,SAFE,1,19,6b67ec47...,true,FALSE,
931,mercadolivre.com.br,SAFE,1,514,9e97b7b5...,true,FALSE,
930,superhosting.bg,SAFE,1,521,9c26a1df...,true,FALSE,
916,state.gov,SAFE,1,3008,13bee7fc...,true,FALSE,
900,btloader.com,ERROR,0,0,,FALSE,FALSE,Local: context deadline exceeded Agent: failed to retrieve certificate from any IP of btloader.com
937,ebay.de,SAFE,1,186,cfce1866...,true,FALSE,
941,microsoftpersonalcontent.com,ERROR,0,0,,FALSE,FALSE,Local: dial tcp: lookup microsoftpersonalcontent.com: no such host Agent: DNS lookup failed: lookup microsoftpersonalcontent.com: no such host
939,adblockplus.org,SAFE,1,121,d7c84cbe...,true,FALSE,
933,webempresa.eu,SAFE,1,453,3c46410e...,true,FALSE,
940,tiktokw.us,ERROR,0,0,,FALSE,FALSE,Local: dial tcp: lookup tiktokw.us: no such host Agent: DNS lookup failed: lookup tiktokw.us: no such host
936,spamhaus.org,SAFE,1,779,abb401dd...,true,FALSE,
945,kueezrtb.com,SAFE,1,140,bf549b35...,true,FALSE,
923,deloitte.com,SAFE,1,1064,03450950...,true,FALSE,
948,ui-dns.com,ERROR,0,0,,FALSE,FALSE,Local: dial tcp: lookup ui-dns.com: no such host Agent: DNS lookup failed: lookup ui-dns.com: no such host
938,corriere.it,SAFE,1,567,e21c0576...,true,FALSE,
949,immedia-semi.com,ERROR,0,0,,FALSE,FALSE,Local: dial tcp: lookup immedia-semi.com: no such host Agent: DNS lookup failed: lookup immedia-semi.com: no such host
951,cdnhwc2.com,ERROR,0,0,,FALSE,FALSE,Local: dial tcp: lookup cdnhwc2.com: no such host Agent: DNS lookup failed: lookup cdnhwc2.com: no such host
952,jetbrains.com,SAFE,1,98,78c7ee14...,true,FALSE,
928,www.gov.br,SAFE,1,3001,448e738a...,true,FALSE,
947,ryanair.com,SAFE,1,595,47bc2f7c...,true,FALSE,
954,playrix.com,SAFE,1,30,8b50a2e3...,true,FALSE,
956,umich.edu,SAFE,1,124,1f4eb8cf...,true,FALSE,
957,nintendo.net,ERROR,0,0,,FALSE,FALSE,Local: dial tcp: lookup nintendo.net: no such host Agent: DNS lookup failed: lookup nintendo.net: no such host
958,google.co.jp,SAFE,1,144,1900c9eb...,true,FALSE,
935,repubblica.it,SAFE,1,3000,ca7d437a...,true,FALSE,
955,mercadolibre.com.ar,SAFE,1,530,8021c719...,true,FALSE,
960,kwai.com,SAFE,1,273,74e911ea...,true,FALSE,
961,sedo.com,SAFE,1,92,bc346bc2...,true,FALSE,
963,quizlet.com,SAFE,1,85,136b342c...,true,FALSE,
964,kahoot.it,SAFE,1,25,f033d825...,true,FALSE,
946,amazon.com.au,SAFE,1,1980,8c062771...,true,FALSE,
966,eporner.com,ERROR,0,0,,FALSE,FALSE,Local: dial tcp: lookup eporner.com: no such host Agent: DNS lookup failed: lookup eporner.com: no such host
965,ad-delivery.net,SAFE,1,121,8092e1c0...,true,FALSE,
967,bol.com,SAFE,1,70,bd4502e7...,true,FALSE,
968,kslawin.com,ERROR,0,0,,FALSE,FALSE,Local: dial tcp: lookup kslawin.com: no such host Agent: DNS lookup failed: lookup kslawin.com: no such host
969,macys.com,SAFE,1,140,094a0089...,true,FALSE,
950,elmundo.es,SAFE,1,3001,54d19788...,true,FALSE,
972,nexusmods.com,SAFE,1,77,f95c922e...,true,FALSE,
929,tds.net,ERROR,0,0,,FALSE,FALSE,Local: dial tcp 216.165.153.4:443: i/o timeout Agent: failed to retrieve certificate from any IP of tds.net
953,jd.com,SAFE,1,3000,1725f7b1...,true,FALSE,
975,4dex.io,ERROR,0,0,,FALSE,FALSE,Local: dial tcp: lookup 4dex.io: no such host Agent: DNS lookup failed: lookup 4dex.io: no such host
962,selectel.ru,SAFE,1,1325,2c6cc90a...,true,FALSE,
977,cbc.ca,SAFE,1,83,fb09475b...,true,FALSE,
978,kohls.com,SAFE,1,86,3d0ee1dc...,true,FALSE,
971,binance.com,SAFE,1,1401,ace74c8f...,true,FALSE,
980,huffingtonpost.com,SAFE,1,25,47244d1c...,true,FALSE,
979,1drv.com,SAFE,1,94,af96802c...,true,FALSE,
974,utorrent.com,SAFE,1,514,86a9a9da...,true,FALSE,
982,focus.de,SAFE,1,108,9bc11e8f...,true,FALSE,
976,leparisien.fr,SAFE,1,617,fa8ea23f...,true,FALSE,
984,kwcdn.com,ERROR,0,0,,FALSE,FALSE,Local: dial tcp: lookup kwcdn.com: no such host Agent: DNS lookup failed: lookup kwcdn.com: no such host
986,redditstatic.com,ERROR,0,0,,FALSE,FALSE,Local: dial tcp: lookup redditstatic.com: no such host Agent: DNS lookup failed: lookup redditstatic.com: no such host
985,split.io,SAFE,1,128,b140ad0e...,true,FALSE,
987,letterboxd.com,SAFE,1,130,658b3138...,true,FALSE,
981,pixiv.net,SAFE,1,414,6cbf0baf...,true,FALSE,
988,singular.net,SAFE,1,86,e84e8509...,true,FALSE,
942,stripchat.com,ERROR,0,0,,FALSE,FALSE,Local: context deadline exceeded Agent: failed to retrieve certificate from any IP of stripchat.com
943,rayjump.com,ERROR,0,0,,FALSE,FALSE,Local: dial tcp 52.74.75.111:443: i/o timeout Agent: failed to retrieve certificate from any IP of rayjump.com
944,xnxx.com,ERROR,0,0,,FALSE,FALSE,Local: context deadline exceeded Agent: failed to retrieve certificate from any IP of xnxx.com
970,caixa.gov.br,SAFE,1,1379,0b910cac...,true,FALSE,
991,ancestry.com,SAFE,1,85,0460b743...,true,FALSE,
990,columbia.edu,SAFE,1,103,9cff443b...,true,FALSE,
973,weforum.org,SAFE,1,2290,9969bb33...,true,FALSE,
997,instructure.com,SAFE,1,252,8314da0e...,true,FALSE,
999,coupang.com,SAFE,1,34,e789f9e3...,true,FALSE,
995,vkuseraudio.net,SAFE,1,484,18722e04...,true,FALSE,
959,t-bank-app.ru,ERROR,0,0,,FALSE,FALSE,Local: dial tcp 193.17.93.93:443: i/o timeout Agent: failed to retrieve certificate from any IP of t-bank-app.ru
992,heytapmobi.com,SAFE,1,1870,e7c79feb...,true,FALSE,
1000,web.de,SAFE,1,837,35fb3058...,true,FALSE,
993,kleinanzeigen.de,SAFE,1,3002,e31949d8...,true,FALSE,
989,lavanguardia.com,SAFE,1,3002,6063fb4d...,true,FALSE,
996,ouest-france.fr,ERROR,0,0,,FALSE,FALSE,Local: dial tcp 217.70.184.38:443: connectex: No connection could be made because the target machine actively refused it. Agent: failed to retrieve certificate from any IP of ouest-france.fr
983,palmplaystore.com,ERROR,0,0,,FALSE,FALSE,Local: context deadline exceeded
994,edna.ru,ERROR,0,0,,FALSE,FALSE,Local: dial tcp 89.169.154.87:443: i/o timeout Agent: failed to retrieve certificate from any IP of edna.ru
998,megafon.ru,ERROR,0,0,,FALSE,FALSE,Local: context deadline exceeded
